,nosetip_x,nosetip_y,chin_x,chin_y,left_eye_corner_x,left_eye_corner_y,right_eye_corner_x,right_eye_corner_y,left_mouth_corner_x,left_mouth_corner_y,right_mouth_corner_x,right_mouth_corner_y,nose_end_point_x,nose_end_point_y,head_pose1_x,head_pose1_y,head_pose2_x,head_pose2_y
0,763.0,801.0,702.0,1039.0,597.0,722.0,807.0,720.0,639.0,915.0,769.0,910.0,1615,892,758,826,1897,471
1,765.0,802.0,702.0,1039.0,600.0,724.0,810.0,725.0,640.0,916.0,770.0,912.0,1588,889,759,827,2007,536
2,760.0,801.0,701.0,1038.0,594.0,722.0,807.0,717.0,637.0,914.0,768.0,908.0,1609,903,756,825,1911,413
3,759.0,800.0,702.0,1037.0,593.0,721.0,807.0,716.0,637.0,914.0,769.0,907.0,1608,895,756,824,1997,469
4,759.0,798.0,700.0,1037.0,593.0,719.0,806.0,718.0,637.0,912.0,767.0,908.0,1607,878,755,822,2049,581
5,759.0,798.0,700.0,1036.0,592.0,718.0,805.0,718.0,638.0,911.0,768.0,907.0,1607,869,755,821,2090,619
6,758.0,798.0,699.0,1034.0,591.0,718.0,804.0,719.0,637.0,910.0,767.0,907.0,1590,861,753,821,2139,645
7,758.0,796.0,699.0,1034.0,593.0,717.0,806.0,720.0,637.0,910.0,766.0,907.0,1584,859,753,820,2177,685
8,768.0,803.0,704.0,1040.0,604.0,724.0,812.0,725.0,642.0,917.0,772.0,913.0,1604,899,762,829,1911,483
9,767.0,803.0,704.0,1044.0,599.0,723.0,812.0,721.0,641.0,919.0,771.0,914.0,1644,904,762,828,1973,554
10,767.0,804.0,700.0,1038.0,599.0,720.0,807.0,721.0,640.0,912.0,769.0,909.0,1623,909,760,826,1727,364
11,773.0,797.0,716.0,1042.0,605.0,717.0,808.0,716.0,647.0,914.0,774.0,907.0,1698,864,769,821,1699,491
12,774.0,796.0,713.0,1042.0,607.0,715.0,806.0,718.0,647.0,912.0,771.0,908.0,1699,862,770,821,1583,478
13,782.0,800.0,715.0,1043.0,619.0,719.0,807.0,723.0,651.0,913.0,770.0,908.0,1685,895,776,826,1110,144
14,784.0,798.0,713.0,1041.0,623.0,718.0,803.0,720.0,652.0,909.0,768.0,904.0,1682,908,777,824,741,-149
15,781.0,797.0,711.0,1040.0,621.0,718.0,802.0,721.0,650.0,909.0,765.0,905.0,1669,902,774,824,791,-101
16,783.0,798.0,711.0,1041.0,622.0,719.0,803.0,722.0,651.0,910.0,767.0,906.0,1671,905,775,825,809,-93
17,783.0,797.0,710.0,1040.0,626.0,717.0,801.0,721.0,652.0,908.0,764.0,904.0,1671,913,776,824,546,-282
18,783.0,801.0,713.0,1043.0,621.0,720.0,806.0,725.0,651.0,911.0,771.0,907.0,1663,910,775,827,996,-16
19,781.0,801.0,711.0,1044.0,617.0,720.0,806.0,724.0,649.0,913.0,770.0,909.0,1679,901,774,827,1152,156
20,782.0,801.0,711.0,1045.0,619.0,720.0,807.0,724.0,650.0,912.0,772.0,908.0,1658,926,775,829,898,-162
21,778.0,794.0,711.0,1043.0,614.0,716.0,806.0,716.0,649.0,909.0,771.0,904.0,1698,894,773,822,1213,185
22,781.0,793.0,711.0,1041.0,616.0,715.0,803.0,715.0,650.0,908.0,768.0,904.0,1699,892,774,821,1002,72
23,780.0,797.0,712.0,1044.0,616.0,719.0,806.0,720.0,649.0,913.0,769.0,907.0,1689,899,774,825,1129,132
24,777.0,794.0,712.0,1042.0,612.0,717.0,805.0,713.0,648.0,911.0,768.0,904.0,1701,900,772,822,1115,83
25,777.0,792.0,712.0,1042.0,613.0,715.0,805.0,711.0,648.0,908.0,771.0,902.0,1709,896,773,820,1155,120
26,777.0,793.0,711.0,1042.0,611.0,715.0,802.0,711.0,647.0,911.0,764.0,904.0,1714,900,772,821,991,36
27,775.0,791.0,711.0,1042.0,610.0,714.0,804.0,709.0,647.0,908.0,769.0,902.0,1717,894,772,819,1178,144
28,773.0,796.0,707.0,1046.0,605.0,716.0,805.0,716.0,643.0,911.0,770.0,906.0,1706,893,768,823,1492,371
29,770.0,796.0,705.0,1044.0,605.0,718.0,803.0,719.0,643.0,912.0,766.0,908.0,1677,886,765,823,1440,342
30,771.0,792.0,707.0,1041.0,607.0,716.0,802.0,713.0,645.0,908.0,767.0,902.0,1682,890,767,820,1242,164
31,767.0,793.0,705.0,1042.0,601.0,717.0,805.0,713.0,641.0,911.0,767.0,905.0,1675,891,763,821,1564,345
32,768.0,797.0,707.0,1045.0,603.0,720.0,803.0,719.0,642.0,913.0,768.0,908.0,1674,879,764,824,1556,397
33,765.0,790.0,705.0,1040.0,598.0,714.0,801.0,709.0,641.0,909.0,766.0,902.0,1687,876,762,817,1519,341
34,765.0,792.0,705.0,1042.0,597.0,713.0,802.0,708.0,639.0,909.0,767.0,902.0,1706,888,763,818,1562,364
35,766.0,794.0,706.0,1046.0,597.0,715.0,802.0,713.0,639.0,912.0,767.0,906.0,1712,875,763,821,1672,494
36,768.0,796.0,708.0,1046.0,601.0,717.0,801.0,715.0,641.0,912.0,768.0,906.0,1706,878,765,822,1518,396
37,766.0,797.0,707.0,1047.0,599.0,717.0,804.0,716.0,639.0,913.0,768.0,907.0,1669,895,762,824,1636,371
38,769.0,795.0,701.0,1046.0,604.0,712.0,796.0,711.0,636.0,907.0,760.0,902.0,1724,919,765,821,1056,77
39,766.0,792.0,699.0,1046.0,601.0,712.0,795.0,712.0,635.0,907.0,758.0,903.0,1713,903,762,820,1177,196
40,761.0,800.0,691.0,1044.0,602.0,712.0,793.0,715.0,629.0,904.0,752.0,902.0,1684,951,758,824,928,-106
41,764.0,801.0,689.0,1044.0,597.0,708.0,798.0,709.0,628.0,908.0,753.0,904.0,1722,976,760,824,1071,-34
42,758.0,794.0,688.0,1040.0,592.0,708.0,791.0,706.0,626.0,904.0,752.0,898.0,1693,942,754,819,1076,-38
43,764.0,796.0,690.0,1043.0,593.0,707.0,797.0,703.0,627.0,908.0,754.0,901.0,1734,968,759,821,1112,-24
44,759.0,794.0,688.0,1045.0,592.0,709.0,794.0,708.0,624.0,908.0,753.0,902.0,1710,945,755,821,1247,131
45,767.0,798.0,695.0,1051.0,599.0,709.0,794.0,709.0,629.0,910.0,755.0,905.0,1764,947,763,823,1059,103
46,763.0,793.0,691.0,1049.0,594.0,707.0,793.0,706.0,626.0,907.0,756.0,901.0,1752,940,759,820,1201,170
47,755.0,795.0,685.0,1041.0,581.0,705.0,787.0,699.0,620.0,908.0,748.0,899.0,1736,951,750,818,1136,15
48,763.0,795.0,690.0,1045.0,594.0,706.0,790.0,702.0,626.0,909.0,752.0,900.0,1753,956,759,820,922,-90
49,755.0,790.0,684.0,1047.0,586.0,707.0,785.0,708.0,619.0,907.0,746.0,902.0,1718,919,750,819,1223,226
50,750.0,792.0,679.0,1044.0,585.0,709.0,779.0,708.0,617.0,904.0,739.0,899.0,1685,936,746,819,899,-89
51,751.0,797.0,679.0,1048.0,586.0,709.0,783.0,710.0,616.0,907.0,741.0,903.0,1707,955,748,823,1012,4
52,750.0,795.0,677.0,1046.0,586.0,709.0,780.0,710.0,617.0,906.0,738.0,902.0,1692,948,746,822,890,-81
53,748.0,795.0,677.0,1047.0,583.0,710.0,782.0,712.0,614.0,907.0,741.0,903.0,1684,940,744,822,1162,116
54,746.0,797.0,676.0,1046.0,579.0,706.0,783.0,706.0,611.0,906.0,742.0,902.0,1713,960,744,821,1216,118
55,744.0,795.0,676.0,1044.0,579.0,709.0,780.0,710.0,612.0,906.0,738.0,902.0,1675,937,741,821,1166,98
56,745.0,799.0,674.0,1044.0,577.0,709.0,782.0,709.0,610.0,908.0,738.0,903.0,1682,963,741,823,1168,30
57,744.0,792.0,673.0,1043.0,578.0,707.0,776.0,704.0,612.0,904.0,734.0,899.0,1689,948,741,819,900,-124
58,746.0,792.0,677.0,1047.0,577.0,707.0,778.0,705.0,613.0,906.0,738.0,901.0,1715,932,743,819,1110,109
59,750.0,798.0,673.0,1047.0,585.0,706.0,780.0,707.0,613.0,907.0,737.0,902.0,1715,980,746,823,824,-180
60,741.0,799.0,670.0,1044.0,577.0,707.0,775.0,707.0,609.0,905.0,734.0,900.0,1688,968,739,822,897,-165
61,745.0,795.0,672.0,1047.0,575.0,707.0,777.0,704.0,609.0,907.0,737.0,900.0,1713,962,741,821,1031,-33
62,745.0,794.0,673.0,1047.0,574.0,708.0,777.0,704.0,610.0,908.0,737.0,901.0,1712,952,740,821,1074,15
63,743.0,793.0,676.0,1042.0,571.0,709.0,776.0,703.0,610.0,909.0,737.0,899.0,1688,935,738,819,1130,13
64,742.0,794.0,678.0,1045.0,569.0,710.0,776.0,701.0,610.0,911.0,737.0,901.0,1713,935,739,819,1161,59
65,743.0,791.0,674.0,1043.0,570.0,709.0,776.0,703.0,609.0,909.0,735.0,900.0,1687,934,737,819,1153,46
66,745.0,793.0,675.0,1046.0,573.0,710.0,778.0,704.0,610.0,909.0,737.0,901.0,1700,946,740,820,1126,27
67,740.0,793.0,670.0,1045.0,574.0,707.0,773.0,706.0,607.0,904.0,733.0,899.0,1686,945,737,819,1011,-21
68,742.0,792.0,671.0,1047.0,575.0,707.0,774.0,706.0,608.0,906.0,734.0,901.0,1700,941,738,820,1049,49
69,742.0,793.0,671.0,1047.0,574.0,707.0,774.0,706.0,608.0,906.0,734.0,901.0,1702,942,738,820,1059,52
70,740.0,793.0,669.0,1045.0,576.0,707.0,772.0,707.0,607.0,905.0,731.0,900.0,1682,947,737,820,919,-76
71,740.0,791.0,669.0,1044.0,574.0,708.0,772.0,707.0,608.0,904.0,732.0,898.0,1669,938,736,819,975,-56
72,739.0,791.0,669.0,1042.0,574.0,708.0,771.0,705.0,608.0,903.0,731.0,897.0,1665,942,736,818,882,-162
73,748.0,791.0,677.0,1044.0,577.0,709.0,779.0,703.0,613.0,908.0,739.0,899.0,1697,943,742,819,1040,-44
74,746.0,792.0,675.0,1045.0,576.0,708.0,777.0,705.0,612.0,907.0,737.0,900.0,1698,938,741,819,1056,19
75,743.0,795.0,672.0,1044.0,577.0,707.0,774.0,706.0,610.0,905.0,734.0,899.0,1690,951,740,820,900,-119
76,742.0,795.0,672.0,1043.0,578.0,706.0,774.0,705.0,611.0,904.0,734.0,898.0,1690,954,740,819,848,-170
77,743.0,799.0,674.0,1041.0,577.0,708.0,775.0,705.0,611.0,905.0,736.0,898.0,1683,962,740,821,850,-246
78,742.0,795.0,670.0,1041.0,578.0,707.0,773.0,705.0,610.0,903.0,733.0,897.0,1673,960,739,820,766,-295
79,744.0,797.0,674.0,1041.0,579.0,708.0,774.0,704.0,612.0,905.0,734.0,897.0,1683,963,741,820,699,-365
80,744.0,798.0,672.0,1041.0,577.0,708.0,775.0,704.0,610.0,906.0,735.0,898.0,1683,971,740,821,796,-320
81,743.0,799.0,671.0,1040.0,575.0,708.0,776.0,704.0,609.0,906.0,734.0,898.0,1676,977,739,821,835,-330
82,746.0,801.0,675.0,1043.0,576.0,712.0,781.0,706.0,611.0,910.0,740.0,901.0,1681,979,741,824,1025,-198
83,745.0,799.0,674.0,1041.0,578.0,712.0,778.0,708.0,611.0,907.0,737.0,899.0,1658,968,740,823,899,-288
84,738.0,792.0,668.0,1040.0,576.0,709.0,769.0,707.0,609.0,902.0,729.0,897.0,1646,941,735,819,746,-280
85,737.0,789.0,670.0,1042.0,574.0,708.0,771.0,706.0,608.0,903.0,730.0,898.0,1660,927,735,817,959,-56
86,739.0,786.0,674.0,1042.0,573.0,708.0,771.0,704.0,610.0,904.0,732.0,897.0,1670,909,736,816,1018,19
87,741.0,787.0,675.0,1040.0,574.0,710.0,772.0,706.0,611.0,905.0,734.0,898.0,1652,905,736,816,1058,25
88,739.0,788.0,676.0,1042.0,572.0,712.0,773.0,709.0,610.0,906.0,736.0,899.0,1644,894,735,817,1259,176
89,739.0,788.0,675.0,1041.0,570.0,712.0,772.0,708.0,610.0,907.0,734.0,900.0,1644,893,734,817,1232,157
90,735.0,788.0,677.0,1039.0,567.0,713.0,770.0,707.0,609.0,907.0,732.0,899.0,1634,882,731,816,1247,152
91,736.0,788.0,674.0,1038.0,568.0,712.0,769.0,707.0,608.0,906.0,730.0,899.0,1630,892,731,816,1138,69
92,732.0,786.0,669.0,1037.0,568.0,709.0,763.0,705.0,606.0,902.0,726.0,895.0,1629,898,729,814,901,-97
93,739.0,790.0,673.0,1037.0,573.0,712.0,770.0,709.0,609.0,905.0,729.0,898.0,1621,912,733,818,936,-124
94,736.0,789.0,670.0,1040.0,572.0,710.0,768.0,708.0,607.0,903.0,729.0,897.0,1636,915,732,817,955,-72
95,738.0,788.0,673.0,1040.0,568.0,711.0,771.0,703.0,610.0,908.0,732.0,899.0,1658,911,734,817,1083,2
96,737.0,789.0,674.0,1039.0,567.0,710.0,772.0,704.0,607.0,905.0,733.0,897.0,1649,910,732,816,1205,69
97,735.0,788.0,670.0,1037.0,565.0,706.0,773.0,698.0,604.0,903.0,733.0,894.0,1660,936,731,814,1171,-38
98,734.0,790.0,670.0,1036.0,565.0,706.0,773.0,697.0,605.0,902.0,734.0,893.0,1660,945,732,815,1120,-119
99,740.0,794.0,675.0,1039.0,569.0,710.0,775.0,700.0,610.0,907.0,738.0,897.0,1675,943,737,818,1083,-113
100,742.0,799.0,676.0,1038.0,569.0,712.0,777.0,699.0,611.0,908.0,739.0,897.0,1676,968,738,820,979,-310
101,745.0,799.0,678.0,1038.0,571.0,712.0,778.0,699.0,612.0,909.0,739.0,898.0,1683,967,740,820,940,-319
102,746.0,797.0,678.0,1039.0,573.0,712.0,778.0,701.0,613.0,909.0,738.0,898.0,1678,959,740,820,922,-287
103,746.0,799.0,678.0,1039.0,571.0,712.0,779.0,698.0,613.0,910.0,740.0,898.0,1693,973,741,821,934,-332
104,747.0,799.0,680.0,1038.0,573.0,712.0,779.0,698.0,614.0,910.0,740.0,897.0,1691,971,742,821,856,-402
105,746.0,798.0,678.0,1039.0,574.0,712.0,778.0,701.0,613.0,910.0,739.0,898.0,1681,964,741,821,892,-326
106,745.0,793.0,678.0,1038.0,574.0,709.0,776.0,702.0,613.0,907.0,736.0,896.0,1673,938,740,818,926,-197
107,740.0,802.0,674.0,1038.0,578.0,712.0,773.0,708.0,612.0,904.0,737.0,897.0,1646,960,738,822,753,-419
108,742.0,799.0,673.0,1041.0,578.0,711.0,774.0,707.0,611.0,906.0,736.0,898.0,1663,962,739,822,791,-336
109,744.0,795.0,672.0,1040.0,580.0,707.0,775.0,703.0,612.0,903.0,734.0,896.0,1677,968,741,819,684,-409
110,741.0,793.0,671.0,1039.0,578.0,708.0,775.0,704.0,611.0,903.0,734.0,897.0,1660,955,738,819,826,-285
111,740.0,794.0,670.0,1039.0,579.0,709.0,773.0,707.0,611.0,903.0,732.0,897.0,1647,953,738,820,746,-340
112,744.0,798.0,674.0,1040.0,585.0,710.0,775.0,709.0,614.0,904.0,735.0,898.0,1656,961,742,822,634,-432
113,748.0,800.0,673.0,1042.0,590.0,710.0,778.0,711.0,615.0,905.0,737.0,900.0,1663,979,745,824,595,-479
114,748.0,800.0,678.0,1042.0,585.0,710.0,780.0,707.0,616.0,907.0,738.0,900.0,1684,971,746,823,737,-351
115,750.0,799.0,676.0,1042.0,589.0,708.0,779.0,706.0,618.0,906.0,736.0,900.0,1691,978,748,823,534,-491
116,750.0,797.0,676.0,1040.0,589.0,708.0,777.0,705.0,619.0,904.0,736.0,899.0,1683,967,747,821,482,-522
117,749.0,801.0,679.0,1041.0,582.0,711.0,783.0,706.0,617.0,910.0,740.0,903.0,1687,970,746,823,903,-234
118,746.0,800.0,678.0,1040.0,582.0,713.0,780.0,708.0,617.0,908.0,740.0,901.0,1661,959,743,823,863,-285
119,747.0,797.0,673.0,1043.0,587.0,710.0,777.0,711.0,616.0,905.0,735.0,901.0,1665,960,744,823,689,-314
120,749.0,798.0,675.0,1044.0,587.0,711.0,776.0,712.0,615.0,907.0,734.0,902.0,1670,957,744,824,664,-308
121,747.0,796.0,673.0,1043.0,586.0,711.0,775.0,711.0,615.0,905.0,735.0,901.0,1661,953,743,822,693,-298
122,746.0,798.0,673.0,1043.0,584.0,712.0,776.0,712.0,614.0,906.0,735.0,902.0,1657,955,742,824,774,-258
123,745.0,792.0,673.0,1041.0,584.0,710.0,774.0,709.0,615.0,903.0,733.0,899.0,1653,940,741,820,704,-279
124,743.0,796.0,671.0,1041.0,584.0,713.0,773.0,713.0,614.0,905.0,732.0,901.0,1633,947,739,823,669,-350
125,747.0,796.0,674.0,1041.0,588.0,710.0,775.0,712.0,617.0,904.0,734.0,901.0,1654,946,744,822,643,-311
126,744.0,793.0,672.0,1041.0,585.0,710.0,774.0,711.0,615.0,904.0,733.0,900.0,1647,940,741,821,717,-260
127,744.0,794.0,671.0,1043.0,584.0,710.0,774.0,712.0,612.0,903.0,733.0,900.0,1651,946,740,821,782,-208
128,746.0,790.0,678.0,1041.0,581.0,710.0,775.0,707.0,616.0,904.0,738.0,898.0,1665,918,742,818,923,-77
129,743.0,788.0,681.0,1039.0,575.0,712.0,775.0,707.0,615.0,907.0,739.0,899.0,1649,887,738,816,1201,128
130,738.0,789.0,679.0,1039.0,572.0,713.0,774.0,709.0,613.0,907.0,739.0,899.0,1631,881,735,817,1335,207
131,746.0,792.0,682.0,1041.0,580.0,715.0,777.0,711.0,617.0,908.0,741.0,901.0,1644,901,741,820,1117,52
132,750.0,789.0,683.0,1043.0,586.0,711.0,777.0,709.0,620.0,906.0,740.0,900.0,1675,905,746,818,915,-14
133,745.0,790.0,682.0,1041.0,578.0,713.0,779.0,712.0,616.0,907.0,743.0,900.0,1640,887,740,818,1358,243
134,746.0,788.0,682.0,1040.0,579.0,712.0,779.0,711.0,617.0,907.0,742.0,900.0,1602,912,739,820,1196,-51
135,743.0,789.0,684.0,1040.0,577.0,714.0,779.0,711.0,617.0,907.0,744.0,901.0,1636,872,739,817,1448,309
136,743.0,787.0,683.0,1040.0,577.0,712.0,778.0,709.0,618.0,906.0,742.0,900.0,1647,873,740,816,1351,268
137,753.0,791.0,684.0,1042.0,587.0,712.0,781.0,712.0,620.0,907.0,744.0,901.0,1662,907,747,820,1078,71
138,756.0,796.0,687.0,1047.0,593.0,715.0,782.0,715.0,623.0,909.0,746.0,904.0,1681,921,751,824,934,-9
139,756.0,795.0,685.0,1046.0,595.0,713.0,781.0,714.0,623.0,907.0,743.0,903.0,1681,929,752,823,787,-115
140,756.0,797.0,683.0,1045.0,596.0,713.0,781.0,715.0,622.0,906.0,742.0,902.0,1670,943,751,824,700,-234
141,756.0,796.0,682.0,1045.0,595.0,712.0,782.0,714.0,621.0,906.0,742.0,902.0,1674,945,751,823,759,-195
142,753.0,798.0,678.0,1044.0,595.0,713.0,781.0,716.0,620.0,906.0,741.0,902.0,1655,956,749,825,703,-298
143,756.0,797.0,685.0,1045.0,593.0,714.0,784.0,713.0,623.0,909.0,746.0,903.0,1679,939,751,824,885,-120
144,758.0,796.0,686.0,1045.0,595.0,712.0,784.0,712.0,624.0,908.0,746.0,902.0,1690,939,753,823,825,-137
145,756.0,798.0,687.0,1045.0,591.0,715.0,786.0,713.0,623.0,910.0,748.0,903.0,1678,938,751,824,1009,-52
146,755.0,799.0,679.0,1043.0,596.0,714.0,781.0,718.0,621.0,906.0,741.0,903.0,1646,951,749,825,691,-296
147,757.0,798.0,687.0,1045.0,592.0,714.0,788.0,712.0,624.0,910.0,749.0,904.0,1687,942,753,824,1034,-30
148,756.0,795.0,687.0,1044.0,595.0,713.0,784.0,713.0,625.0,906.0,747.0,901.0,1675,928,752,822,876,-99
149,760.0,795.0,690.0,1045.0,595.0,715.0,788.0,716.0,627.0,909.0,751.0,904.0,1672,914,754,823,1103,94
150,762.0,795.0,694.0,1045.0,600.0,715.0,787.0,714.0,630.0,908.0,753.0,902.0,1685,916,758,822,903,-48
151,755.0,790.0,692.0,1042.0,589.0,714.0,784.0,712.0,627.0,908.0,750.0,902.0,1669,878,750,818,1214,205
152,761.0,792.0,692.0,1043.0,595.0,713.0,789.0,714.0,629.0,908.0,752.0,903.0,1676,901,755,820,1157,155
153,767.0,795.0,696.0,1045.0,605.0,715.0,791.0,716.0,634.0,907.0,756.0,902.0,1683,918,761,823,895,-51
154,768.0,794.0,697.0,1045.0,606.0,714.0,792.0,714.0,635.0,906.0,757.0,901.0,1692,921,763,822,874,-71
155,767.0,794.0,698.0,1042.0,602.0,717.0,792.0,717.0,636.0,909.0,756.0,904.0,1664,897,760,822,1036,56
156,757.0,792.0,697.0,1044.0,588.0,717.0,792.0,713.0,633.0,914.0,756.0,907.0,1678,868,753,821,1539,406
157,768.0,794.0,701.0,1044.0,603.0,716.0,795.0,718.0,638.0,909.0,760.0,905.0,1679,886,762,822,1215,227
158,758.0,793.0,700.0,1043.0,589.0,718.0,795.0,712.0,635.0,914.0,760.0,907.0,1676,868,755,821,1631,430
159,756.0,791.0,701.0,1045.0,586.0,716.0,798.0,709.0,634.0,913.0,763.0,906.0,1695,861,755,819,1898,591
160,756.0,795.0,703.0,1042.0,586.0,719.0,800.0,708.0,634.0,914.0,764.0,904.0,1672,885,754,821,1824,433
161,761.0,796.0,703.0,1042.0,591.0,721.0,800.0,715.0,637.0,915.0,764.0,907.0,1652,874,756,823,1758,445
162,762.0,794.0,700.0,1045.0,594.0,717.0,805.0,716.0,636.0,913.0,765.0,909.0,1669,881,758,822,1920,607
163,762.0,794.0,699.0,1044.0,594.0,717.0,806.0,715.0,635.0,914.0,765.0,909.0,1663,891,758,823,1917,575
164,768.0,799.0,706.0,1045.0,596.0,721.0,810.0,713.0,640.0,917.0,771.0,908.0,1681,913,763,825,1818,420
165,767.0,801.0,707.0,1044.0,595.0,723.0,808.0,713.0,640.0,917.0,772.0,907.0,1671,913,762,826,1778,354
166,762.0,797.0,706.0,1042.0,593.0,722.0,804.0,713.0,639.0,915.0,768.0,906.0,1655,886,759,823,1794,408
167,762.0,794.0,703.0,1044.0,594.0,716.0,807.0,710.0,637.0,913.0,768.0,906.0,1689,898,760,821,1863,508
168,766.0,795.0,705.0,1044.0,596.0,718.0,809.0,711.0,640.0,915.0,769.0,907.0,1687,902,762,823,1806,454
169,761.0,793.0,704.0,1043.0,591.0,716.0,807.0,707.0,636.0,913.0,768.0,905.0,1690,896,759,820,1933,522
170,766.0,794.0,706.0,1045.0,596.0,717.0,810.0,710.0,640.0,915.0,770.0,907.0,1698,899,763,822,1872,513
171,762.0,792.0,704.0,1039.0,593.0,714.0,802.0,707.0,636.0,907.0,767.0,899.0,1677,890,759,817,1676,353
172,761.0,791.0,701.0,1038.0,594.0,712.0,800.0,707.0,635.0,904.0,764.0,898.0,1674,894,758,816,1544,287
173,762.0,791.0,697.0,1036.0,594.0,711.0,799.0,707.0,634.0,903.0,760.0,897.0,1663,910,757,817,1377,140
174,765.0,794.0,702.0,1039.0,595.0,713.0,802.0,705.0,636.0,907.0,766.0,898.0,1693,921,761,818,1427,145
175,757.0,791.0,695.0,1037.0,591.0,710.0,798.0,707.0,630.0,904.0,761.0,898.0,1664,904,754,816,1572,292
176,760.0,790.0,695.0,1035.0,593.0,710.0,797.0,706.0,632.0,903.0,758.0,897.0,1661,910,755,816,1343,121
177,762.0,790.0,697.0,1038.0,595.0,711.0,799.0,706.0,633.0,904.0,760.0,897.0,1675,916,758,817,1340,119
178,761.0,791.0,700.0,1040.0,593.0,714.0,800.0,711.0,634.0,908.0,762.0,902.0,1665,883,757,818,1654,401
179,762.0,793.0,701.0,1041.0,595.0,715.0,801.0,714.0,635.0,910.0,762.0,905.0,1665,881,758,820,1668,440
180,763.0,789.0,700.0,1039.0,599.0,712.0,799.0,711.0,634.0,904.0,760.0,899.0,1665,893,759,817,1394,240
181,768.0,794.0,700.0,1047.0,602.0,712.0,802.0,713.0,636.0,908.0,764.0,903.0,1715,916,764,821,1389,291
182,769.0,790.0,704.0,1043.0,605.0,712.0,798.0,711.0,639.0,904.0,763.0,899.0,1702,895,765,818,1178,161
183,768.0,794.0,701.0,1047.0,602.0,712.0,801.0,714.0,636.0,907.0,765.0,903.0,1714,905,764,821,1432,343
184,764.0,793.0,694.0,1042.0,597.0,711.0,800.0,711.0,632.0,908.0,757.0,904.0,1689,924,759,821,1355,223
185,767.0,793.0,697.0,1039.0,602.0,711.0,797.0,709.0,635.0,905.0,758.0,899.0,1685,928,762,819,1028,-57
186,767.0,793.0,697.0,1039.0,602.0,711.0,797.0,709.0,636.0,905.0,758.0,899.0,1686,927,762,819,1017,-60
187,764.0,791.0,695.0,1038.0,602.0,710.0,794.0,706.0,635.0,903.0,752.0,897.0,1685,935,761,818,777,-261
188,762.0,791.0,695.0,1040.0,598.0,712.0,795.0,711.0,633.0,905.0,756.0,900.0,1671,909,758,819,1186,100
189,766.0,796.0,700.0,1047.0,601.0,714.0,800.0,716.0,635.0,908.0,765.0,904.0,1700,905,762,822,1460,346
190,763.0,792.0,694.0,1045.0,595.0,709.0,799.0,709.0,631.0,907.0,759.0,902.0,1715,921,759,819,1417,292
191,762.0,791.0,697.0,1044.0,596.0,711.0,799.0,709.0,633.0,909.0,759.0,904.0,1707,907,759,819,1429,312
192,760.0,792.0,694.0,1042.0,597.0,712.0,794.0,711.0,632.0,906.0,755.0,901.0,1681,913,757,820,1182,114
193,762.0,791.0,694.0,1041.0,598.0,711.0,795.0,709.0,633.0,905.0,756.0,900.0,1686,918,758,819,1142,67
194,762.0,792.0,693.0,1043.0,595.0,710.0,797.0,708.0,631.0,907.0,756.0,902.0,1704,926,758,820,1274,168
195,763.0,792.0,693.0,1041.0,596.0,711.0,797.0,708.0,632.0,907.0,756.0,901.0,1690,929,758,820,1198,72
196,758.0,795.0,690.0,1037.0,598.0,713.0,790.0,712.0,631.0,903.0,749.0,899.0,1646,931,755,820,847,-230
197,762.0,797.0,689.0,1041.0,599.0,711.0,792.0,710.0,630.0,904.0,751.0,899.0,1682,956,758,822,823,-257
198,762.0,796.0,691.0,1042.0,599.0,712.0,790.0,710.0,630.0,904.0,752.0,899.0,1686,943,758,821,834,-204
199,760.0,796.0,689.0,1043.0,597.0,712.0,792.0,712.0,628.0,905.0,752.0,900.0,1679,944,756,822,1004,-81
200,762.0,795.0,688.0,1041.0,601.0,711.0,789.0,710.0,629.0,904.0,748.0,899.0,1679,953,757,821,671,-348
201,762.0,796.0,695.0,1045.0,599.0,714.0,792.0,714.0,631.0,909.0,755.0,903.0,1691,919,758,823,1082,66
202,760.0,799.0,687.0,1042.0,599.0,712.0,790.0,714.0,628.0,904.0,749.0,901.0,1671,953,756,823,840,-209
203,760.0,800.0,692.0,1043.0,597.0,713.0,794.0,713.0,629.0,908.0,753.0,903.0,1685,945,757,824,1065,-30
204,761.0,799.0,688.0,1042.0,600.0,711.0,791.0,711.0,629.0,905.0,750.0,901.0,1687,961,758,823,786,-264
205,760.0,798.0,685.0,1041.0,598.0,710.0,788.0,709.0,627.0,905.0,747.0,900.0,1686,965,756,822,681,-366
206,757.0,798.0,684.0,1041.0,599.0,709.0,787.0,710.0,626.0,904.0,747.0,899.0,1682,964,755,822,680,-358
207,757.0,800.0,683.0,1041.0,599.0,711.0,787.0,713.0,625.0,905.0,746.0,901.0,1668,966,754,824,694,-362
208,758.0,798.0,683.0,1040.0,600.0,710.0,786.0,712.0,626.0,903.0,745.0,900.0,1667,961,754,823,622,-398
209,758.0,804.0,687.0,1042.0,593.0,712.0,793.0,709.0,626.0,910.0,751.0,904.0,1697,977,755,825,971,-194
210,759.0,803.0,683.0,1042.0,602.0,713.0,785.0,717.0,626.0,907.0,743.0,904.0,1662,967,755,827,533,-452
211,758.0,800.0,683.0,1042.0,601.0,711.0,786.0,715.0,626.0,904.0,745.0,901.0,1666,963,755,824,631,-370
212,760.0,800.0,689.0,1043.0,598.0,712.0,791.0,713.0,627.0,907.0,750.0,903.0,1686,952,756,824,924,-125
213,760.0,801.0,689.0,1043.0,600.0,714.0,790.0,715.0,629.0,908.0,749.0,904.0,1675,951,757,825,816,-208
214,759.0,799.0,685.0,1044.0,600.0,712.0,787.0,714.0,627.0,905.0,746.0,902.0,1679,957,755,824,701,-283
215,759.0,801.0,683.0,1043.0,602.0,713.0,786.0,718.0,626.0,905.0,744.0,903.0,1658,961,754,826,628,-357
216,755.0,799.0,681.0,1041.0,598.0,712.0,784.0,714.0,624.0,904.0,743.0,901.0,1656,961,752,824,629,-400
217,756.0,800.0,681.0,1041.0,598.0,712.0,784.0,714.0,624.0,905.0,743.0,901.0,1658,965,752,824,598,-440
218,756.0,801.0,681.0,1042.0,599.0,713.0,785.0,717.0,624.0,905.0,743.0,903.0,1652,962,752,826,670,-351
219,759.0,804.0,684.0,1043.0,603.0,714.0,786.0,718.0,627.0,907.0,745.0,904.0,1662,968,755,827,559,-438
220,757.0,801.0,683.0,1042.0,601.0,712.0,786.0,715.0,626.0,905.0,744.0,902.0,1664,966,754,825,594,-419
221,760.0,804.0,687.0,1043.0,603.0,714.0,788.0,717.0,628.0,908.0,748.0,904.0,1670,964,757,827,653,-359
222,762.0,806.0,688.0,1043.0,602.0,714.0,791.0,713.0,629.0,910.0,748.0,905.0,1689,983,759,828,603,-470
223,761.0,806.0,684.0,1044.0,600.0,713.0,790.0,715.0,627.0,911.0,746.0,906.0,1686,985,757,828,667,-389
224,758.0,806.0,681.0,1044.0,601.0,715.0,786.0,719.0,625.0,910.0,743.0,907.0,1661,978,754,829,590,-432
225,760.0,806.0,684.0,1046.0,603.0,715.0,788.0,720.0,627.0,909.0,746.0,907.0,1672,972,756,829,670,-318
226,764.0,808.0,685.0,1048.0,604.0,716.0,789.0,721.0,627.0,912.0,745.0,909.0,1682,981,758,831,621,-353
227,761.0,807.0,683.0,1047.0,599.0,716.0,790.0,719.0,624.0,912.0,747.0,908.0,1677,984,755,831,805,-268
228,765.0,810.0,684.0,1052.0,604.0,716.0,794.0,722.0,626.0,915.0,748.0,913.0,1703,997,759,834,832,-172
229,774.0,807.0,696.0,1054.0,613.0,717.0,795.0,721.0,635.0,914.0,755.0,911.0,1729,969,768,832,704,-168
230,771.0,808.0,695.0,1053.0,613.0,718.0,795.0,724.0,634.0,914.0,753.0,911.0,1707,968,766,833,709,-184
231,769.0,814.0,688.0,1054.0,609.0,721.0,797.0,734.0,630.0,916.0,754.0,917.0,1673,973,761,838,1043,67
232,771.0,810.0,694.0,1053.0,612.0,719.0,795.0,726.0,633.0,915.0,752.0,914.0,1702,968,765,834,764,-127
233,771.0,810.0,694.0,1054.0,611.0,718.0,796.0,727.0,632.0,915.0,754.0,914.0,1708,965,765,834,898,-3
234,774.0,808.0,696.0,1053.0,617.0,718.0,796.0,724.0,635.0,914.0,753.0,912.0,1710,974,769,833,617,-251
235,770.0,802.0,696.0,1056.0,604.0,715.0,797.0,719.0,633.0,914.0,760.0,912.0,1749,937,765,829,1206,263
236,763.0,800.0,691.0,1054.0,593.0,714.0,798.0,717.0,629.0,915.0,760.0,912.0,1735,926,758,827,1573,473
237,766.0,805.0,692.0,1055.0,598.0,718.0,798.0,724.0,631.0,917.0,760.0,916.0,1716,928,760,831,1482,433
238,769.0,808.0,693.0,1053.0,601.0,720.0,799.0,726.0,634.0,918.0,759.0,916.0,1699,940,762,833,1319,284
239,771.0,808.0,695.0,1053.0,600.0,719.0,800.0,723.0,634.0,916.0,759.0,914.0,1714,947,763,832,1289,242
240,769.0,806.0,693.0,1054.0,600.0,719.0,801.0,724.0,633.0,917.0,759.0,915.0,1708,945,762,832,1381,317
241,772.0,811.0,693.0,1056.0,610.0,719.0,801.0,730.0,633.0,916.0,759.0,916.0,1706,966,765,836,1159,184
242,773.0,811.0,694.0,1056.0,610.0,719.0,801.0,730.0,634.0,916.0,759.0,916.0,1709,962,766,835,1150,189
243,764.0,802.0,695.0,1055.0,592.0,714.0,801.0,715.0,630.0,916.0,763.0,912.0,1756,930,760,827,1665,514
244,770.0,809.0,692.0,1054.0,601.0,720.0,802.0,728.0,633.0,919.0,760.0,918.0,1698,945,762,834,1449,377
245,768.0,801.0,698.0,1052.0,599.0,718.0,798.0,718.0,636.0,916.0,760.0,912.0,1723,919,763,828,1317,292
246,766.0,800.0,699.0,1054.0,593.0,719.0,803.0,717.0,634.0,918.0,766.0,912.0,1725,910,761,827,1768,544
247,764.0,797.0,700.0,1053.0,593.0,716.0,803.0,712.0,634.0,915.0,767.0,909.0,1742,910,761,824,1751,527
248,767.0,800.0,697.0,1053.0,596.0,716.0,805.0,718.0,633.0,915.0,766.0,912.0,1723,919,762,827,1771,566
249,769.0,798.0,703.0,1054.0,596.0,717.0,805.0,715.0,636.0,916.0,767.0,911.0,1744,906,764,826,1734,546
250,764.0,798.0,702.0,1052.0,593.0,718.0,806.0,715.0,635.0,916.0,769.0,911.0,1719,897,761,825,1969,654
251,763.0,795.0,702.0,1049.0,592.0,714.0,806.0,710.0,636.0,914.0,768.0,908.0,1731,897,761,822,1906,608
252,766.0,794.0,704.0,1047.0,597.0,714.0,806.0,708.0,639.0,913.0,768.0,906.0,1732,907,764,821,1639,417
253,778.0,800.0,707.0,1054.0,606.0,714.0,809.0,715.0,640.0,913.0,770.0,910.0,1771,927,772,826,1501,419
254,782.0,802.0,710.0,1055.0,611.0,714.0,809.0,717.0,643.0,913.0,771.0,909.0,1778,931,776,827,1344,333
255,777.0,805.0,699.0,1054.0,618.0,714.0,810.0,723.0,641.0,911.0,765.0,912.0,1734,971,774,831,1143,159
256,777.0,803.0,702.0,1052.0,617.0,713.0,812.0,723.0,642.0,909.0,768.0,911.0,1728,951,774,829,1325,307
257,775.0,796.0,711.0,1049.0,610.0,715.0,810.0,715.0,646.0,911.0,773.0,907.0,1735,901,773,823,1506,401
258,786.0,800.0,716.0,1048.0,619.0,711.0,811.0,713.0,648.0,908.0,772.0,905.0,1771,931,781,823,1111,150
259,784.0,798.0,713.0,1054.0,614.0,712.0,813.0,714.0,648.0,912.0,775.0,908.0,1791,922,779,824,1403,381
260,787.0,805.0,713.0,1057.0,620.0,715.0,818.0,719.0,648.0,914.0,778.0,912.0,1788,954,782,830,1390,344
261,786.0,808.0,710.0,1057.0,623.0,714.0,818.0,721.0,647.0,913.0,776.0,913.0,1784,973,783,832,1284,270
262,784.0,806.0,708.0,1055.0,622.0,714.0,818.0,722.0,646.0,911.0,775.0,911.0,1759,969,780,831,1323,273
263,778.0,800.0,705.0,1052.0,617.0,710.0,815.0,717.0,643.0,909.0,771.0,908.0,1757,956,776,826,1357,305
264,776.0,796.0,711.0,1051.0,606.0,712.0,814.0,710.0,644.0,910.0,776.0,905.0,1770,918,773,822,1676,477
265,781.0,796.0,708.0,1050.0,610.0,709.0,818.0,707.0,644.0,909.0,776.0,903.0,1781,960,777,822,1491,299
266,775.0,790.0,712.0,1047.0,609.0,708.0,816.0,705.0,645.0,906.0,776.0,901.0,1767,916,775,818,1626,428
267,776.0,790.0,711.0,1043.0,607.0,707.0,816.0,702.0,645.0,906.0,774.0,900.0,1760,925,774,817,1549,331
268,775.0,792.0,709.0,1043.0,608.0,707.0,815.0,706.0,644.0,906.0,773.0,901.0,1746,925,773,818,1548,352
269,777.0,792.0,710.0,1040.0,608.0,707.0,816.0,704.0,645.0,905.0,773.0,900.0,1739,930,773,817,1498,275
270,777.0,793.0,710.0,1042.0,606.0,707.0,817.0,704.0,644.0,905.0,776.0,900.0,1750,931,773,818,1643,372
271,774.0,791.0,707.0,1041.0,605.0,706.0,815.0,704.0,642.0,905.0,772.0,900.0,1739,928,771,817,1598,354
272,778.0,792.0,710.0,1041.0,607.0,705.0,816.0,704.0,645.0,906.0,773.0,900.0,1755,927,774,817,1535,336
273,780.0,793.0,710.0,1040.0,607.0,706.0,816.0,703.0,646.0,907.0,774.0,900.0,1754,934,775,817,1477,263
274,781.0,795.0,711.0,1042.0,609.0,707.0,817.0,704.0,647.0,908.0,775.0,901.0,1763,942,776,819,1437,237
275,783.0,796.0,716.0,1043.0,608.0,708.0,819.0,699.0,652.0,910.0,779.0,901.0,1798,944,780,819,1430,213
276,784.0,796.0,716.0,1044.0,610.0,709.0,819.0,701.0,652.0,910.0,779.0,901.0,1791,945,781,820,1395,192
277,783.0,797.0,713.0,1046.0,612.0,709.0,820.0,706.0,648.0,910.0,778.0,903.0,1776,951,779,822,1477,271
278,783.0,794.0,712.0,1043.0,611.0,707.0,818.0,702.0,650.0,909.0,776.0,901.0,1779,947,779,819,1349,178
279,779.0,792.0,713.0,1040.0,608.0,707.0,817.0,702.0,648.0,906.0,775.0,899.0,1754,928,776,817,1479,255
280,781.0,792.0,713.0,1041.0,611.0,708.0,817.0,702.0,649.0,907.0,774.0,899.0,1757,939,777,818,1317,130
281,781.0,790.0,714.0,1042.0,612.0,707.0,818.0,702.0,647.0,905.0,775.0,898.0,1760,935,777,817,1400,205
282,782.0,791.0,713.0,1044.0,614.0,707.0,817.0,704.0,647.0,905.0,775.0,898.0,1764,940,778,818,1330,178
283,783.0,797.0,711.0,1046.0,613.0,712.0,818.0,710.0,647.0,910.0,776.0,904.0,1747,947,777,823,1426,233
284,781.0,795.0,711.0,1045.0,613.0,710.0,817.0,709.0,647.0,908.0,775.0,902.0,1747,940,777,821,1411,239
285,781.0,795.0,711.0,1046.0,613.0,711.0,817.0,709.0,647.0,908.0,775.0,902.0,1748,942,777,822,1396,221
286,783.0,795.0,714.0,1046.0,615.0,709.0,815.0,706.0,650.0,909.0,775.0,902.0,1778,937,780,820,1241,162
287,781.0,795.0,709.0,1045.0,614.0,709.0,813.0,708.0,647.0,907.0,772.0,902.0,1755,942,777,821,1214,131
288,772.0,795.0,702.0,1042.0,608.0,709.0,806.0,707.0,642.0,905.0,763.0,900.0,1726,948,770,820,1046,-38
289,777.0,800.0,703.0,1045.0,611.0,709.0,812.0,709.0,642.0,908.0,767.0,904.0,1748,972,773,824,1154,33
290,774.0,800.0,704.0,1042.0,608.0,715.0,811.0,713.0,642.0,909.0,767.0,904.0,1693,952,769,825,1261,39
291,778.0,800.0,706.0,1044.0,612.0,714.0,812.0,714.0,643.0,908.0,768.0,905.0,1710,951,772,825,1226,77
292,777.0,797.0,703.0,1045.0,613.0,710.0,809.0,710.0,643.0,905.0,765.0,902.0,1734,960,773,823,1028,-36
293,774.0,801.0,699.0,1045.0,614.0,707.0,811.0,713.0,639.0,905.0,764.0,904.0,1732,979,772,824,1114,27
294,773.0,802.0,701.0,1046.0,609.0,712.0,811.0,716.0,640.0,909.0,765.0,906.0,1714,960,769,826,1289,149
295,774.0,802.0,699.0,1045.0,614.0,707.0,811.0,714.0,639.0,905.0,764.0,904.0,1730,980,772,825,1119,32
296,776.0,803.0,702.0,1044.0,615.0,711.0,811.0,716.0,642.0,906.0,765.0,905.0,1712,970,772,826,1085,-13
297,777.0,803.0,702.0,1044.0,616.0,710.0,811.0,716.0,643.0,906.0,765.0,905.0,1718,970,773,826,1056,-15
298,775.0,803.0,702.0,1044.0,615.0,710.0,810.0,717.0,642.0,906.0,765.0,905.0,1713,962,772,825,1111,44
299,775.0,802.0,700.0,1044.0,610.0,712.0,810.0,713.0,639.0,907.0,765.0,904.0,1712,976,770,826,1135,-38
300,773.0,800.0,698.0,1044.0,610.0,712.0,806.0,714.0,639.0,905.0,763.0,902.0,1701,966,768,825,1041,-82
301,775.0,799.0,701.0,1046.0,612.0,711.0,808.0,715.0,640.0,906.0,764.0,904.0,1718,955,770,824,1135,70
302,773.0,796.0,702.0,1045.0,611.0,710.0,808.0,713.0,640.0,905.0,764.0,903.0,1718,943,770,822,1193,125
303,773.0,797.0,705.0,1046.0,611.0,712.0,810.0,716.0,640.0,904.0,768.0,903.0,1707,931,770,823,1382,259
304,773.0,795.0,709.0,1047.0,606.0,714.0,808.0,712.0,643.0,909.0,772.0,903.0,1728,907,770,821,1492,339
305,778.0,795.0,708.0,1048.0,610.0,712.0,810.0,713.0,642.0,906.0,772.0,902.0,1735,924,772,822,1411,293
306,781.0,797.0,710.0,1051.0,613.0,714.0,812.0,716.0,643.0,908.0,774.0,905.0,1743,926,775,824,1445,341
307,782.0,793.0,713.0,1049.0,615.0,712.0,812.0,712.0,647.0,908.0,774.0,904.0,1756,913,777,821,1356,307
308,778.0,795.0,714.0,1050.0,609.0,717.0,813.0,716.0,648.0,915.0,777.0,909.0,1735,885,774,824,1725,538
309,777.0,797.0,713.0,1051.0,606.0,719.0,814.0,719.0,647.0,917.0,778.0,911.0,1721,881,772,825,1928,649
310,780.0,801.0,717.0,1053.0,612.0,723.0,815.0,722.0,651.0,919.0,779.0,913.0,1723,891,776,829,1714,521
311,782.0,800.0,712.0,1052.0,616.0,715.0,815.0,718.0,646.0,910.0,777.0,907.0,1747,930,777,826,1473,362
312,781.0,795.0,709.0,1048.0,614.0,711.0,816.0,709.0,645.0,906.0,776.0,901.0,1752,952,777,822,1360,189
313,778.0,793.0,711.0,1045.0,612.0,711.0,815.0,708.0,647.0,908.0,775.0,902.0,1743,928,775,820,1427,258
314,783.0,797.0,714.0,1048.0,617.0,713.0,818.0,711.0,650.0,909.0,779.0,903.0,1754,941,780,823,1375,219
315,790.0,804.0,717.0,1050.0,622.0,715.0,821.0,713.0,653.0,914.0,780.0,908.0,1776,965,785,828,1223,112
316,791.0,807.0,716.0,1055.0,624.0,719.0,823.0,724.0,651.0,914.0,782.0,912.0,1750,955,784,832,1462,335
317,793.0,807.0,718.0,1056.0,628.0,718.0,825.0,724.0,653.0,914.0,783.0,912.0,1763,960,787,832,1403,312
318,787.0,801.0,717.0,1050.0,622.0,715.0,817.0,716.0,652.0,911.0,778.0,906.0,1757,939,783,826,1230,175
319,788.0,804.0,715.0,1045.0,626.0,714.0,819.0,715.0,655.0,908.0,778.0,904.0,1738,965,784,826,1015,-83
320,785.0,801.0,716.0,1047.0,623.0,717.0,815.0,716.0,654.0,909.0,777.0,904.0,1730,940,782,826,1071,7
321,787.0,799.0,719.0,1046.0,622.0,716.0,817.0,713.0,655.0,911.0,779.0,904.0,1743,933,783,824,1161,73
322,793.0,799.0,721.0,1053.0,625.0,713.0,824.0,714.0,656.0,912.0,786.0,907.0,1795,938,789,825,1439,347
323,788.0,800.0,718.0,1046.0,621.0,715.0,821.0,712.0,656.0,912.0,782.0,905.0,1751,943,784,825,1295,140
324,794.0,801.0,722.0,1051.0,627.0,714.0,824.0,713.0,658.0,913.0,785.0,907.0,1790,949,790,826,1272,195
325,792.0,801.0,721.0,1050.0,626.0,714.0,824.0,714.0,658.0,913.0,785.0,907.0,1779,945,789,826,1326,229
326,791.0,801.0,718.0,1050.0,628.0,714.0,823.0,718.0,655.0,910.0,783.0,907.0,1756,946,787,827,1316,236
327,792.0,802.0,719.0,1051.0,629.0,714.0,824.0,716.0,656.0,912.0,782.0,908.0,1773,958,789,828,1223,161
328,793.0,801.0,721.0,1049.0,630.0,713.0,823.0,714.0,658.0,912.0,783.0,906.0,1776,952,790,826,1144,101
329,788.0,800.0,716.0,1046.0,625.0,713.0,820.0,713.0,654.0,910.0,780.0,905.0,1751,952,784,825,1174,77
330,786.0,802.0,715.0,1046.0,622.0,714.0,820.0,713.0,653.0,911.0,780.0,905.0,1747,958,783,826,1221,72
331,787.0,800.0,716.0,1046.0,621.0,713.0,819.0,710.0,654.0,911.0,780.0,904.0,1762,953,784,824,1186,65
332,793.0,803.0,722.0,1049.0,627.0,713.0,822.0,711.0,658.0,914.0,782.0,907.0,1795,957,790,826,1110,69
333,791.0,806.0,718.0,1050.0,626.0,714.0,822.0,714.0,656.0,915.0,780.0,910.0,1785,968,788,829,1138,85
334,792.0,805.0,718.0,1048.0,627.0,715.0,820.0,713.0,657.0,915.0,778.0,908.0,1772,970,788,828,956,-87
335,793.0,803.0,721.0,1049.0,628.0,714.0,823.0,713.0,658.0,913.0,783.0,907.0,1781,958,790,827,1145,80
336,795.0,806.0,718.0,1052.0,631.0,716.0,825.0,720.0,656.0,914.0,784.0,910.0,1765,970,789,831,1221,142
337,794.0,808.0,719.0,1053.0,630.0,717.0,826.0,723.0,656.0,915.0,784.0,913.0,1762,961,789,832,1352,271
338,797.0,809.0,722.0,1055.0,636.0,719.0,826.0,728.0,658.0,915.0,784.0,914.0,1755,954,792,834,1255,249
339,795.0,803.0,727.0,1050.0,630.0,715.0,825.0,712.0,663.0,914.0,787.0,907.0,1798,946,793,826,1172,121
340,795.0,802.0,724.0,1054.0,631.0,716.0,828.0,721.0,660.0,913.0,789.0,910.0,1774,932,791,828,1502,409
341,789.0,796.0,724.0,1050.0,622.0,716.0,825.0,715.0,658.0,911.0,789.0,907.0,1758,901,786,823,1727,515
342,791.0,795.0,727.0,1050.0,627.0,716.0,828.0,715.0,660.0,910.0,791.0,905.0,1757,907,789,823,1659,453
343,788.0,797.0,727.0,1049.0,625.0,716.0,829.0,713.0,660.0,911.0,791.0,905.0,1759,917,788,823,1679,427
344,794.0,800.0,727.0,1048.0,625.0,716.0,829.0,710.0,663.0,913.0,790.0,905.0,1780,941,791,825,1431,226
345,795.0,804.0,727.0,1048.0,628.0,715.0,829.0,709.0,665.0,913.0,792.0,905.0,1797,959,794,826,1282,108
346,797.0,806.0,732.0,1048.0,629.0,715.0,831.0,706.0,668.0,915.0,794.0,905.0,1823,963,797,826,1234,62
347,799.0,805.0,724.0,1046.0,635.0,714.0,828.0,711.0,665.0,912.0,786.0,905.0,1780,981,796,827,910,-187
348,795.0,808.0,717.0,1045.0,633.0,714.0,827.0,715.0,662.0,913.0,781.0,909.0,1757,992,792,830,931,-178
349,796.0,805.0,719.0,1045.0,632.0,713.0,827.0,712.0,662.0,912.0,783.0,906.0,1767,985,792,828,963,-156
350,796.0,805.0,720.0,1046.0,632.0,713.0,828.0,712.0,662.0,912.0,784.0,906.0,1773,985,793,828,1014,-109
351,795.0,805.0,720.0,1045.0,632.0,713.0,827.0,714.0,662.0,912.0,783.0,906.0,1761,976,792,828,1024,-82
352,796.0,811.0,717.0,1043.0,633.0,715.0,827.0,717.0,662.0,915.0,779.0,911.0,1744,999,791,832,863,-272
353,795.0,806.0,721.0,1045.0,632.0,714.0,827.0,714.0,662.0,912.0,784.0,907.0,1761,975,792,828,1046,-68
354,797.0,807.0,722.0,1046.0,631.0,714.0,830.0,711.0,663.0,914.0,784.0,908.0,1782,990,794,829,1038,-106
355,800.0,807.0,723.0,1046.0,631.0,713.0,832.0,711.0,664.0,914.0,789.0,907.0,1789,989,795,828,1162,-16
356,798.0,805.0,721.0,1046.0,629.0,714.0,830.0,713.0,662.0,913.0,787.0,907.0,1770,976,792,828,1221,45
357,794.0,800.0,726.0,1045.0,628.0,714.0,829.0,711.0,663.0,911.0,787.0,905.0,1766,943,791,824,1319,158
358,791.0,800.0,724.0,1048.0,624.0,716.0,833.0,717.0,659.0,912.0,791.0,908.0,1740,927,787,826,1850,527
359,789.0,793.0,728.0,1047.0,625.0,713.0,831.0,712.0,660.0,908.0,792.0,904.0,1756,899,788,820,1851,563
360,794.0,799.0,728.0,1048.0,626.0,713.0,832.0,709.0,663.0,911.0,792.0,904.0,1792,941,792,823,1543,316
361,797.0,802.0,725.0,1050.0,632.0,714.0,834.0,716.0,663.0,910.0,791.0,907.0,1774,956,794,827,1473,297
362,796.0,801.0,728.0,1049.0,630.0,713.0,834.0,710.0,664.0,912.0,790.0,906.0,1799,959,795,825,1401,224
363,798.0,802.0,729.0,1049.0,631.0,713.0,835.0,711.0,664.0,912.0,792.0,906.0,1799,959,796,826,1439,249
364,794.0,803.0,723.0,1048.0,631.0,711.0,832.0,715.0,661.0,910.0,787.0,907.0,1778,961,792,826,1392,256
365,798.0,802.0,726.0,1049.0,634.0,712.0,833.0,713.0,663.0,909.0,790.0,906.0,1790,963,795,826,1323,195
366,792.0,802.0,723.0,1048.0,628.0,711.0,831.0,714.0,659.0,910.0,786.0,907.0,1778,953,790,825,1467,312
367,793.0,802.0,725.0,1048.0,628.0,713.0,831.0,715.0,660.0,911.0,787.0,907.0,1771,946,790,826,1488,318
368,798.0,801.0,725.0,1051.0,636.0,713.0,832.0,718.0,662.0,909.0,788.0,907.0,1776,954,795,827,1333,253
369,795.0,801.0,724.0,1048.0,633.0,713.0,830.0,718.0,661.0,908.0,787.0,906.0,1757,944,792,826,1370,261
370,798.0,799.0,725.0,1047.0,632.0,713.0,828.0,716.0,663.0,910.0,786.0,907.0,1765,932,793,825,1305,245
371,798.0,798.0,725.0,1048.0,632.0,712.0,828.0,715.0,662.0,910.0,785.0,907.0,1776,934,793,824,1299,256
372,795.0,803.0,721.0,1046.0,632.0,711.0,829.0,717.0,658.0,907.0,784.0,906.0,1756,961,790,826,1288,180
373,791.0,800.0,723.0,1048.0,626.0,711.0,828.0,711.0,658.0,910.0,785.0,905.0,1785,950,789,824,1394,253
374,790.0,800.0,722.0,1048.0,624.0,713.0,828.0,715.0,657.0,910.0,785.0,906.0,1760,937,787,825,1548,363
375,791.0,800.0,722.0,1047.0,625.0,710.0,827.0,710.0,657.0,909.0,784.0,905.0,1787,951,789,823,1379,245
376,791.0,798.0,720.0,1048.0,626.0,709.0,827.0,711.0,657.0,908.0,783.0,905.0,1786,949,789,823,1379,274
377,791.0,800.0,720.0,1047.0,623.0,712.0,826.0,712.0,656.0,910.0,782.0,906.0,1770,949,787,824,1394,246
378,796.0,805.0,718.0,1045.0,636.0,710.0,827.0,719.0,659.0,906.0,780.0,906.0,1748,975,791,827,1040,0
379,795.0,804.0,718.0,1046.0,634.0,710.0,826.0,717.0,658.0,907.0,780.0,906.0,1759,973,791,827,1062,23
380,791.0,803.0,717.0,1046.0,626.0,709.0,826.0,714.0,654.0,907.0,781.0,905.0,1766,968,787,825,1305,180
381,792.0,800.0,720.0,1048.0,623.0,710.0,826.0,709.0,656.0,910.0,782.0,905.0,1794,960,788,824,1325,200
382,791.0,801.0,719.0,1047.0,623.0,711.0,825.0,712.0,654.0,910.0,781.0,906.0,1774,955,786,825,1357,224
383,791.0,802.0,715.0,1046.0,626.0,709.0,824.0,715.0,653.0,907.0,778.0,906.0,1760,964,786,825,1250,168
384,789.0,800.0,717.0,1047.0,621.0,710.0,823.0,708.0,654.0,911.0,779.0,905.0,1788,964,786,824,1244,126
385,786.0,798.0,712.0,1045.0,619.0,710.0,817.0,709.0,651.0,908.0,775.0,902.0,1759,958,781,823,1120,24
386,784.0,797.0,709.0,1044.0,617.0,708.0,816.0,707.0,650.0,907.0,773.0,902.0,1762,961,780,822,1113,23
387,786.0,796.0,712.0,1044.0,613.0,707.0,821.0,703.0,651.0,909.0,776.0,902.0,1784,962,781,821,1317,144
388,787.0,797.0,717.0,1049.0,614.0,713.0,824.0,708.0,653.0,914.0,780.0,906.0,1781,946,782,824,1529,315
389,780.0,799.0,720.0,1052.0,607.0,714.0,824.0,709.0,648.0,915.0,784.0,908.0,1789,919,778,824,2026,655
390,782.0,796.0,715.0,1048.0,611.0,714.0,818.0,712.0,648.0,913.0,777.0,906.0,1749,919,777,823,1613,409
391,779.0,795.0,713.0,1048.0,609.0,713.0,815.0,710.0,647.0,913.0,775.0,905.0,1756,919,775,822,1542,366
392,781.0,794.0,711.0,1049.0,614.0,709.0,815.0,709.0,647.0,909.0,773.0,905.0,1776,932,778,821,1370,304
393,778.0,795.0,710.0,1048.0,609.0,711.0,814.0,708.0,644.0,912.0,771.0,905.0,1765,937,774,822,1413,277
394,778.0,795.0,707.0,1049.0,608.0,708.0,811.0,706.0,644.0,910.0,770.0,904.0,1787,941,775,821,1316,246
395,776.0,794.0,703.0,1047.0,604.0,706.0,808.0,702.0,641.0,909.0,768.0,901.0,1788,952,772,820,1240,149
396,766.0,793.0,698.0,1044.0,595.0,705.0,804.0,699.0,635.0,907.0,764.0,900.0,1770,947,764,818,1369,204
397,769.0,792.0,700.0,1046.0,599.0,707.0,803.0,701.0,636.0,907.0,764.0,900.0,1768,942,766,818,1262,153
398,772.0,795.0,701.0,1047.0,599.0,706.0,805.0,699.0,637.0,909.0,764.0,901.0,1795,960,769,820,1201,98
399,765.0,796.0,688.0,1045.0,596.0,704.0,798.0,704.0,628.0,906.0,755.0,901.0,1749,974,761,821,1105,22
400,762.0,797.0,687.0,1046.0,593.0,702.0,797.0,703.0,626.0,906.0,753.0,901.0,1764,976,759,820,1140,70
401,761.0,796.0,684.0,1046.0,593.0,703.0,795.0,704.0,624.0,905.0,751.0,901.0,1749,978,757,821,1092,24
402,762.0,793.0,692.0,1045.0,586.0,705.0,797.0,697.0,628.0,909.0,755.0,900.0,1774,954,758,818,1269,130
403,765.0,791.0,694.0,1048.0,592.0,704.0,796.0,697.0,629.0,908.0,757.0,899.0,1793,951,762,817,1152,98
404,760.0,799.0,683.0,1049.0,594.0,708.0,790.0,709.0,622.0,909.0,748.0,904.0,1734,976,756,824,960,-56
405,763.0,798.0,685.0,1048.0,601.0,703.0,790.0,706.0,626.0,906.0,746.0,903.0,1757,979,761,822,722,-180
406,761.0,800.0,685.0,1050.0,594.0,704.0,795.0,707.0,621.0,908.0,751.0,904.0,1764,986,758,824,1127,83
407,760.0,800.0,687.0,1051.0,595.0,706.0,791.0,706.0,623.0,909.0,750.0,904.0,1769,976,759,824,970,-12
408,758.0,799.0,681.0,1050.0,592.0,703.0,792.0,707.0,618.0,908.0,747.0,905.0,1760,986,755,823,1100,87
409,757.0,798.0,676.0,1050.0,592.0,700.0,791.0,706.0,617.0,905.0,744.0,905.0,1764,995,754,823,1042,62
410,749.0,797.0,674.0,1049.0,580.0,701.0,787.0,703.0,611.0,907.0,740.0,903.0,1757,987,747,821,1175,116
411,750.0,798.0,674.0,1049.0,579.0,702.0,788.0,703.0,612.0,908.0,742.0,903.0,1756,990,747,822,1211,116
412,751.0,799.0,676.0,1045.0,586.0,701.0,784.0,704.0,615.0,904.0,740.0,901.0,1739,982,749,821,919,-87
413,748.0,798.0,676.0,1048.0,577.0,706.0,785.0,704.0,611.0,909.0,741.0,903.0,1734,975,745,822,1205,92
414,746.0,798.0,671.0,1049.0,578.0,701.0,784.0,703.0,608.0,907.0,738.0,903.0,1752,992,744,822,1139,79
415,747.0,797.0,675.0,1047.0,579.0,701.0,783.0,700.0,611.0,905.0,739.0,900.0,1755,983,746,820,1034,-16
416,745.0,796.0,674.0,1046.0,578.0,702.0,780.0,701.0,611.0,904.0,739.0,899.0,1739,970,744,819,1027,-15
417,742.0,802.0,668.0,1047.0,571.0,707.0,782.0,706.0,605.0,907.0,738.0,902.0,1704,998,738,824,1231,17
418,743.0,800.0,672.0,1040.0,575.0,701.0,778.0,700.0,610.0,902.0,738.0,897.0,1719,980,742,818,961,-153
419,744.0,799.0,673.0,1042.0,575.0,703.0,781.0,700.0,611.0,903.0,740.0,897.0,1719,984,742,819,1031,-129
420,743.0,801.0,670.0,1047.0,568.0,707.0,782.0,700.0,606.0,911.0,739.0,902.0,1732,1002,739,823,1197,-33
421,738.0,798.0,669.0,1045.0,570.0,704.0,776.0,702.0,605.0,905.0,735.0,899.0,1715,974,737,820,1100,-16
422,738.0,796.0,671.0,1045.0,567.0,702.0,777.0,699.0,605.0,905.0,736.0,898.0,1733,965,737,818,1211,88
423,741.0,797.0,668.0,1047.0,568.0,706.0,781.0,702.0,605.0,908.0,738.0,901.0,1715,984,737,822,1285,82
424,739.0,794.0,668.0,1045.0,568.0,702.0,778.0,701.0,604.0,904.0,735.0,899.0,1718,965,736,818,1253,128
425,740.0,792.0,673.0,1044.0,569.0,702.0,778.0,698.0,606.0,904.0,737.0,897.0,1728,954,738,816,1227,107
426,739.0,791.0,672.0,1044.0,569.0,704.0,776.0,701.0,606.0,904.0,734.0,898.0,1707,942,736,817,1200,111
427,735.0,789.0,668.0,1045.0,566.0,703.0,775.0,701.0,603.0,906.0,731.0,900.0,1706,939,733,817,1283,199
428,740.0,790.0,665.0,1045.0,572.0,702.0,776.0,703.0,603.0,902.0,733.0,898.0,1699,962,736,818,1146,69
429,739.0,792.0,667.0,1042.0,569.0,699.0,776.0,699.0,605.0,902.0,734.0,897.0,1717,960,736,816,1156,70
430,733.0,785.0,666.0,1036.0,567.0,694.0,773.0,699.0,601.0,896.0,730.0,894.0,1686,921,731,810,1303,243
431,733.0,784.0,664.0,1040.0,567.0,699.0,773.0,705.0,599.0,901.0,728.0,899.0,1666,912,729,813,1411,352
432,739.0,787.0,665.0,1041.0,572.0,699.0,771.0,708.0,600.0,899.0,728.0,898.0,1672,921,733,815,1199,226
433,733.0,777.0,662.0,1039.0,564.0,693.0,769.0,696.0,597.0,895.0,726.0,892.0,1696,913,729,807,1265,251
434,742.0,787.0,666.0,1041.0,573.0,702.0,768.0,706.0,601.0,899.0,729.0,895.0,1668,930,734,815,987,9
435,735.0,782.0,671.0,1037.0,567.0,700.0,765.0,701.0,603.0,898.0,728.0,893.0,1671,885,731,809,1117,159
436,733.0,779.0,667.0,1037.0,562.0,699.0,764.0,696.0,601.0,896.0,728.0,890.0,1677,893,728,807,1145,127
437,729.0,770.0,666.0,1031.0,559.0,693.0,767.0,687.0,601.0,893.0,726.0,885.0,1675,889,727,801,1220,132
438,728.0,772.0,664.0,1033.0,559.0,692.0,763.0,689.0,598.0,892.0,721.0,886.0,1683,893,726,802,1087,91
439,735.0,776.0,667.0,1033.0,559.0,697.0,767.0,690.0,599.0,895.0,727.0,885.0,1673,912,728,805,1127,-3
440,727.0,781.0,658.0,1035.0,562.0,692.0,764.0,701.0,592.0,893.0,720.0,892.0,1659,910,723,808,1227,235
441,727.0,779.0,654.0,1036.0,560.0,690.0,767.0,701.0,589.0,893.0,720.0,894.0,1663,914,722,808,1415,383
442,730.0,780.0,657.0,1036.0,564.0,691.0,764.0,701.0,592.0,893.0,720.0,893.0,1669,913,725,808,1186,233
443,721.0,778.0,652.0,1032.0,552.0,692.0,765.0,695.0,587.0,894.0,721.0,891.0,1641,917,717,806,1492,314
444,723.0,776.0,656.0,1034.0,559.0,689.0,761.0,695.0,590.0,892.0,717.0,889.0,1671,908,721,805,1155,177
445,720.0,781.0,646.0,1032.0,547.0,692.0,767.0,691.0,586.0,897.0,717.0,893.0,1651,959,715,809,1399,153
446,718.0,780.0,647.0,1029.0,548.0,697.0,760.0,692.0,588.0,898.0,711.0,892.0,1619,944,713,809,1076,-130
447,718.0,778.0,646.0,1028.0,550.0,696.0,756.0,693.0,589.0,897.0,709.0,891.0,1615,931,713,808,939,-179
448,718.0,778.0,645.0,1033.0,546.0,690.0,761.0,689.0,585.0,896.0,713.0,892.0,1669,944,715,806,1253,125
449,718.0,779.0,647.0,1033.0,547.0,689.0,763.0,689.0,584.0,895.0,715.0,892.0,1674,946,715,806,1333,186
450,716.0,779.0,650.0,1031.0,548.0,691.0,761.0,692.0,583.0,893.0,716.0,889.0,1644,928,714,806,1363,187
451,722.0,779.0,658.0,1033.0,553.0,697.0,761.0,696.0,590.0,896.0,719.0,891.0,1640,901,718,807,1296,186
452,717.0,777.0,653.0,1034.0,550.0,694.0,761.0,698.0,586.0,895.0,718.0,891.0,1633,893,714,806,1510,374
453,721.0,779.0,656.0,1032.0,551.0,699.0,762.0,696.0,589.0,897.0,720.0,891.0,1621,907,716,808,1377,180
454,718.0,777.0,653.0,1031.0,554.0,691.0,756.0,698.0,586.0,891.0,714.0,889.0,1634,892,715,804,1222,218
455,718.0,777.0,651.0,1031.0,554.0,692.0,757.0,700.0,584.0,891.0,712.0,891.0,1621,895,714,805,1269,249
456,723.0,782.0,650.0,1034.0,558.0,695.0,758.0,706.0,585.0,893.0,712.0,894.0,1617,912,716,810,1176,187
457,716.0,777.0,654.0,1029.0,551.0,694.0,754.0,697.0,588.0,891.0,715.0,888.0,1618,880,714,804,1229,186
458,719.0,776.0,659.0,1029.0,551.0,695.0,756.0,693.0,592.0,891.0,721.0,886.0,1634,874,717,802,1272,184
459,722.0,777.0,660.0,1030.0,552.0,700.0,756.0,693.0,593.0,896.0,717.0,887.0,1627,894,718,806,1031,-60
460,721.0,776.0,660.0,1028.0,548.0,700.0,755.0,691.0,592.0,896.0,716.0,887.0,1623,885,716,804,1100,-19
461,719.0,777.0,657.0,1030.0,552.0,695.0,757.0,696.0,591.0,891.0,719.0,888.0,1627,879,716,804,1290,217
462,711.0,776.0,652.0,1029.0,545.0,697.0,756.0,694.0,588.0,895.0,715.0,890.0,1607,882,710,804,1402,236
463,709.0,777.0,652.0,1029.0,543.0,698.0,753.0,694.0,587.0,895.0,713.0,889.0,1604,880,709,805,1330,178
464,714.0,776.0,653.0,1030.0,548.0,694.0,758.0,694.0,589.0,893.0,717.0,889.0,1625,886,713,804,1391,262
465,723.0,777.0,662.0,1030.0,549.0,701.0,761.0,691.0,596.0,898.0,722.0,889.0,1633,888,718,806,1294,106
466,714.0,778.0,651.0,1030.0,547.0,697.0,759.0,694.0,589.0,895.0,715.0,890.0,1613,907,712,806,1312,130
467,723.0,775.0,665.0,1031.0,548.0,699.0,763.0,688.0,597.0,899.0,723.0,889.0,1657,880,720,804,1385,199
468,724.0,779.0,664.0,1032.0,551.0,700.0,765.0,691.0,596.0,897.0,724.0,889.0,1648,901,721,806,1346,134
469,727.0,782.0,663.0,1029.0,554.0,696.0,767.0,686.0,599.0,895.0,727.0,886.0,1670,935,725,806,1131,-106
470,723.0,777.0,662.0,1032.0,553.0,698.0,762.0,691.0,598.0,896.0,722.0,888.0,1653,896,721,805,1190,76
471,725.0,777.0,664.0,1032.0,554.0,699.0,767.0,692.0,598.0,896.0,726.0,888.0,1643,898,722,806,1376,166
472,724.0,780.0,659.0,1033.0,560.0,695.0,765.0,700.0,596.0,894.0,723.0,892.0,1640,896,722,807,1325,263
473,728.0,780.0,668.0,1031.0,562.0,698.0,767.0,697.0,601.0,894.0,729.0,889.0,1642,886,726,806,1302,188
474,734.0,777.0,672.0,1034.0,567.0,701.0,767.0,697.0,607.0,898.0,728.0,891.0,1658,880,731,807,1085,86
475,744.0,781.0,677.0,1033.0,575.0,704.0,772.0,699.0,613.0,898.0,734.0,891.0,1654,897,738,810,938,-85
476,741.0,780.0,688.0,1035.0,564.0,708.0,772.0,693.0,617.0,905.0,740.0,892.0,1690,850,737,808,1319,203
477,743.0,778.0,676.0,1033.0,579.0,698.0,775.0,699.0,613.0,897.0,734.0,892.0,1669,894,740,808,1035,68
478,755.0,786.0,689.0,1039.0,586.0,707.0,780.0,703.0,622.0,901.0,745.0,894.0,1692,897,749,813,975,0
479,757.0,789.0,684.0,1038.0,588.0,707.0,782.0,709.0,618.0,902.0,742.0,897.0,1665,916,748,816,998,-7
480,760.0,788.0,686.0,1037.0,591.0,705.0,786.0,704.0,621.0,900.0,746.0,894.0,1683,932,752,815,933,-122
481,757.0,780.0,690.0,1037.0,587.0,700.0,786.0,693.0,624.0,899.0,747.0,889.0,1729,915,753,809,969,-56
482,759.0,783.0,684.0,1038.0,594.0,697.0,788.0,700.0,622.0,897.0,743.0,893.0,1716,936,754,812,904,-52
483,761.0,784.0,687.0,1037.0,597.0,697.0,790.0,700.0,624.0,897.0,747.0,893.0,1719,935,756,812,925,-43
484,761.0,784.0,691.0,1038.0,595.0,698.0,794.0,698.0,626.0,899.0,751.0,894.0,1734,930,758,811,1106,79
485,755.0,787.0,689.0,1035.0,588.0,702.0,791.0,699.0,624.0,900.0,750.0,893.0,1698,926,752,812,1169,34
486,757.0,789.0,687.0,1035.0,585.0,704.0,789.0,699.0,622.0,900.0,747.0,892.0,1692,941,751,814,1050,-118
487,752.0,789.0,680.0,1036.0,586.0,699.0,793.0,699.0,619.0,900.0,747.0,896.0,1701,960,749,814,1231,53
488,762.0,793.0,684.0,1040.0,590.0,704.0,795.0,703.0,622.0,903.0,749.0,897.0,1708,973,754,818,1094,-79
489,759.0,795.0,683.0,1038.0,593.0,701.0,795.0,704.0,623.0,903.0,748.0,899.0,1709,974,755,818,1060,-60
490,759.0,791.0,684.0,1036.0,593.0,700.0,795.0,701.0,624.0,900.0,750.0,896.0,1706,964,755,815,1079,-60
491,757.0,792.0,686.0,1034.0,592.0,700.0,794.0,697.0,625.0,901.0,747.0,894.0,1711,973,755,815,889,-273
492,760.0,790.0,687.0,1035.0,596.0,700.0,794.0,699.0,627.0,900.0,748.0,894.0,1710,963,757,815,857,-241
493,759.0,790.0,683.0,1036.0,596.0,700.0,793.0,703.0,624.0,901.0,747.0,897.0,1698,960,755,816,960,-112
494,757.0,792.0,681.0,1038.0,589.0,701.0,795.0,700.0,622.0,903.0,748.0,899.0,1714,974,753,817,1133,-26
495,761.0,790.0,682.0,1038.0,595.0,698.0,795.0,699.0,625.0,902.0,747.0,899.0,1732,973,757,816,961,-93
496,759.0,792.0,683.0,1035.0,593.0,701.0,794.0,700.0,625.0,901.0,749.0,896.0,1702,971,755,816,959,-197
497,760.0,792.0,683.0,1036.0,595.0,700.0,795.0,699.0,625.0,901.0,748.0,897.0,1715,980,756,816,903,-226
498,760.0,792.0,681.0,1037.0,594.0,703.0,796.0,702.0,626.0,904.0,748.0,900.0,1699,977,755,818,983,-164
499,752.0,791.0,681.0,1035.0,589.0,703.0,791.0,707.0,622.0,900.0,746.0,899.0,1664,934,749,816,1227,106
500,751.0,792.0,680.0,1035.0,588.0,704.0,791.0,706.0,622.0,901.0,746.0,898.0,1661,946,748,817,1174,8
501,756.0,794.0,682.0,1036.0,594.0,706.0,793.0,709.0,626.0,903.0,749.0,900.0,1662,951,752,819,1084,-54
502,755.0,793.0,682.0,1034.0,594.0,708.0,791.0,708.0,626.0,903.0,747.0,899.0,1646,950,751,819,950,-212
503,759.0,795.0,686.0,1037.0,593.0,706.0,796.0,703.0,628.0,905.0,750.0,900.0,1696,967,756,819,1017,-152
504,753.0,794.0,681.0,1038.0,583.0,702.0,798.0,699.0,622.0,905.0,752.0,900.0,1713,974,751,818,1412,137
505,755.0,794.0,684.0,1039.0,584.0,703.0,797.0,699.0,622.0,905.0,752.0,899.0,1720,970,752,818,1350,99
506,754.0,793.0,681.0,1039.0,583.0,702.0,796.0,699.0,621.0,905.0,750.0,900.0,1719,970,751,817,1348,121
507,752.0,795.0,682.0,1038.0,583.0,704.0,797.0,699.0,621.0,904.0,751.0,899.0,1705,979,750,818,1342,42
508,755.0,794.0,682.0,1037.0,587.0,703.0,797.0,701.0,623.0,904.0,750.0,900.0,1701,972,752,818,1261,30
509,754.0,794.0,682.0,1037.0,588.0,704.0,796.0,701.0,623.0,903.0,751.0,899.0,1695,972,752,818,1218,-25
510,755.0,793.0,682.0,1038.0,589.0,704.0,796.0,705.0,622.0,903.0,750.0,900.0,1685,959,751,818,1301,99
511,756.0,795.0,682.0,1034.0,593.0,709.0,791.0,707.0,626.0,904.0,747.0,898.0,1648,963,751,820,865,-352
512,755.0,794.0,682.0,1037.0,589.0,707.0,796.0,705.0,624.0,904.0,750.0,900.0,1671,965,751,819,1219,-30
513,755.0,795.0,683.0,1038.0,589.0,704.0,797.0,702.0,623.0,903.0,751.0,899.0,1699,976,753,819,1214,-23
514,754.0,793.0,682.0,1037.0,589.0,702.0,794.0,701.0,622.0,902.0,748.0,898.0,1701,969,752,817,1126,-50
515,753.0,793.0,680.0,1037.0,586.0,701.0,794.0,701.0,621.0,904.0,746.0,899.0,1704,969,750,817,1182,5
516,754.0,794.0,680.0,1038.0,585.0,702.0,796.0,701.0,620.0,904.0,748.0,900.0,1705,976,750,818,1281,56
517,754.0,794.0,682.0,1037.0,587.0,702.0,796.0,703.0,620.0,901.0,749.0,898.0,1692,968,750,817,1296,68
518,758.0,794.0,683.0,1038.0,592.0,702.0,797.0,703.0,623.0,902.0,750.0,899.0,1704,974,754,818,1160,-16
519,760.0,794.0,685.0,1038.0,596.0,703.0,797.0,703.0,625.0,902.0,752.0,898.0,1704,976,757,818,1047,-122
520,758.0,795.0,685.0,1036.0,591.0,708.0,795.0,704.0,627.0,904.0,751.0,899.0,1676,963,753,819,1068,-160
521,753.0,796.0,680.0,1032.0,588.0,709.0,792.0,706.0,625.0,905.0,746.0,899.0,1638,965,748,820,993,-301
522,754.0,795.0,682.0,1034.0,591.0,709.0,792.0,708.0,625.0,904.0,747.0,899.0,1642,956,750,820,1018,-210
523,751.0,796.0,679.0,1033.0,589.0,710.0,791.0,711.0,623.0,904.0,744.0,900.0,1618,955,746,821,1062,-196
524,755.0,798.0,681.0,1034.0,591.0,710.0,792.0,707.0,626.0,905.0,745.0,900.0,1648,974,751,822,856,-400
525,755.0,794.0,682.0,1034.0,596.0,706.0,790.0,712.0,625.0,901.0,744.0,900.0,1643,941,751,819,955,-116
526,750.0,792.0,676.0,1034.0,591.0,703.0,788.0,707.0,621.0,900.0,740.0,899.0,1654,956,747,817,935,-162
527,758.0,792.0,678.0,1034.0,599.0,703.0,792.0,709.0,625.0,901.0,742.0,900.0,1656,966,753,819,810,-263
528,760.0,796.0,685.0,1035.0,598.0,706.0,798.0,706.0,627.0,902.0,753.0,898.0,1670,978,756,820,1000,-249
529,758.0,796.0,684.0,1033.0,595.0,706.0,798.0,705.0,627.0,902.0,751.0,898.0,1660,978,754,819,1019,-268
530,758.0,796.0,687.0,1035.0,595.0,706.0,800.0,706.0,627.0,901.0,756.0,897.0,1666,969,755,819,1219,-81
531,758.0,793.0,686.0,1034.0,598.0,704.0,797.0,706.0,627.0,900.0,751.0,897.0,1668,961,755,818,1036,-147
532,760.0,796.0,691.0,1034.0,597.0,707.0,800.0,706.0,629.0,901.0,758.0,896.0,1665,960,757,818,1182,-111
533,766.0,796.0,692.0,1037.0,607.0,705.0,802.0,710.0,633.0,901.0,756.0,899.0,1685,964,763,820,988,-130
534,759.0,794.0,694.0,1034.0,595.0,707.0,800.0,709.0,629.0,902.0,757.0,898.0,1657,925,755,817,1408,166
535,768.0,795.0,695.0,1035.0,604.0,710.0,803.0,712.0,634.0,901.0,759.0,897.0,1649,948,761,820,1119,-116
536,762.0,790.0,697.0,1036.0,600.0,708.0,802.0,712.0,634.0,902.0,758.0,900.0,1657,901,759,817,1443,285
537,769.0,792.0,700.0,1036.0,605.0,714.0,803.0,715.0,640.0,905.0,761.0,902.0,1642,904,762,820,1271,125
538,775.0,802.0,699.0,1042.0,616.0,714.0,805.0,727.0,639.0,906.0,762.0,908.0,1655,930,767,827,1168,154
539,766.0,789.0,698.0,1039.0,605.0,705.0,803.0,709.0,636.0,902.0,760.0,900.0,1700,915,764,816,1294,228
540,768.0,795.0,698.0,1042.0,607.0,709.0,806.0,715.0,636.0,905.0,763.0,903.0,1689,930,765,821,1367,248
541,767.0,795.0,697.0,1042.0,606.0,709.0,806.0,714.0,635.0,906.0,762.0,903.0,1690,937,764,822,1352,216
542,770.0,795.0,701.0,1041.0,610.0,710.0,806.0,713.0,640.0,907.0,764.0,903.0,1696,931,767,821,1207,120
543,771.0,802.0,696.0,1043.0,616.0,711.0,804.0,719.0,637.0,907.0,758.0,905.0,1686,969,768,827,880,-156
544,774.0,796.0,700.0,1041.0,616.0,709.0,806.0,716.0,640.0,906.0,761.0,903.0,1692,945,770,823,999,-19
545,771.0,802.0,696.0,1044.0,617.0,712.0,804.0,720.0,636.0,907.0,757.0,905.0,1682,973,768,827,846,-193
546,769.0,799.0,697.0,1044.0,610.0,711.0,803.0,717.0,635.0,907.0,759.0,905.0,1694,949,765,825,1101,56
547,768.0,801.0,695.0,1043.0,610.0,711.0,801.0,719.0,633.0,906.0,756.0,906.0,1683,952,764,825,1042,18
548,772.0,798.0,695.0,1040.0,613.0,707.0,805.0,719.0,635.0,902.0,759.0,904.0,1678,947,766,823,1143,108
549,768.0,793.0,698.0,1036.0,611.0,705.0,804.0,717.0,635.0,899.0,760.0,900.0,1663,916,764,818,1271,216
550,768.0,793.0,697.0,1037.0,609.0,707.0,805.0,717.0,635.0,900.0,761.0,900.0,1657,920,763,819,1330,218
551,769.0,797.0,694.0,1040.0,610.0,707.0,804.0,719.0,633.0,901.0,759.0,902.0,1670,942,764,822,1224,152
552,767.0,792.0,697.0,1039.0,609.0,710.0,799.0,715.0,637.0,905.0,758.0,902.0,1670,916,763,820,1069,62
553,760.0,796.0,689.0,1038.0,597.0,707.0,799.0,710.0,629.0,905.0,754.0,902.0,1679,948,757,820,1235,80
554,763.0,799.0,690.0,1040.0,602.0,708.0,800.0,714.0,629.0,905.0,755.0,903.0,1679,958,759,823,1165,39
555,764.0,802.0,688.0,1043.0,606.0,709.0,797.0,717.0,629.0,908.0,747.0,908.0,1689,970,760,826,880,-107
556,761.0,803.0,684.0,1044.0,602.0,708.0,796.0,716.0,627.0,910.0,746.0,909.0,1698,979,758,827,936,-70
557,757.0,797.0,678.0,1041.0,600.0,703.0,793.0,711.0,623.0,903.0,745.0,902.0,1690,984,755,822,890,-158
558,755.0,796.0,677.0,1040.0,596.0,703.0,792.0,710.0,622.0,903.0,744.0,902.0,1685,976,752,821,965,-98
559,757.0,799.0,681.0,1043.0,602.0,707.0,791.0,716.0,623.0,904.0,744.0,904.0,1677,970,755,824,861,-135
560,756.0,796.0,684.0,1043.0,594.0,712.0,787.0,717.0,622.0,905.0,746.0,903.0,1656,930,750,823,1072,48
561,748.0,793.0,678.0,1039.0,586.0,707.0,788.0,712.0,617.0,904.0,743.0,902.0,1650,933,744,820,1299,172
562,750.0,795.0,676.0,1039.0,591.0,706.0,787.0,714.0,617.0,901.0,742.0,901.0,1648,950,746,821,1103,22
563,746.0,794.0,677.0,1039.0,586.0,708.0,784.0,712.0,616.0,902.0,740.0,900.0,1644,938,743,820,1110,12
564,746.0,794.0,674.0,1037.0,589.0,709.0,783.0,717.0,616.0,901.0,739.0,901.0,1612,933,742,821,1086,-1
565,746.0,795.0,674.0,1041.0,588.0,708.0,783.0,715.0,615.0,903.0,738.0,902.0,1644,945,743,822,1054,5
566,745.0,795.0,673.0,1040.0,586.0,708.0,782.0,715.0,613.0,903.0,738.0,902.0,1637,942,741,821,1112,40
567,742.0,795.0,672.0,1039.0,584.0,709.0,781.0,715.0,613.0,903.0,737.0,902.0,1625,938,739,821,1127,32
568,740.0,796.0,669.0,1038.0,582.0,711.0,780.0,716.0,611.0,903.0,736.0,902.0,1604,945,737,822,1131,-32
569,741.0,795.0,673.0,1035.0,582.0,709.0,777.0,709.0,615.0,900.0,737.0,897.0,1626,942,739,819,882,-252
570,737.0,795.0,671.0,1038.0,580.0,711.0,776.0,714.0,612.0,902.0,734.0,901.0,1613,929,736,820,1052,-40
571,742.0,800.0,670.0,1037.0,582.0,717.0,778.0,718.0,612.0,907.0,733.0,904.0,1585,954,736,826,903,-313
572,738.0,801.0,666.0,1039.0,576.0,716.0,778.0,716.0,608.0,908.0,733.0,904.0,1594,967,733,826,1060,-221
573,738.0,802.0,666.0,1037.0,579.0,718.0,775.0,720.0,609.0,908.0,729.0,905.0,1571,958,732,827,871,-364
574,738.0,803.0,667.0,1038.0,577.0,718.0,775.0,718.0,608.0,909.0,732.0,904.0,1583,963,733,827,932,-340
575,730.0,797.0,660.0,1037.0,573.0,715.0,770.0,719.0,604.0,907.0,724.0,905.0,1566,939,726,824,1016,-140
576,729.0,796.0,666.0,1039.0,573.0,711.0,768.0,714.0,604.0,904.0,727.0,901.0,1610,928,729,821,1002,-62
577,728.0,795.0,665.0,1040.0,572.0,712.0,768.0,715.0,602.0,904.0,726.0,902.0,1603,925,727,821,1074,-2
578,725.0,795.0,664.0,1038.0,569.0,713.0,766.0,715.0,601.0,903.0,725.0,901.0,1585,918,724,821,1100,-12
579,727.0,794.0,664.0,1039.0,572.0,717.0,763.0,717.0,603.0,905.0,723.0,901.0,1574,917,725,822,856,-212
580,731.0,794.0,663.0,1041.0,572.0,715.0,767.0,717.0,604.0,908.0,725.0,905.0,1595,921,727,823,1027,-21
581,725.0,799.0,658.0,1038.0,569.0,716.0,764.0,719.0,598.0,906.0,721.0,904.0,1564,940,722,825,961,-194
582,728.0,800.0,659.0,1038.0,568.0,718.0,765.0,719.0,599.0,907.0,723.0,903.0,1559,945,723,826,959,-264
583,730.0,803.0,658.0,1038.0,574.0,717.0,761.0,718.0,600.0,904.0,721.0,900.0,1573,968,726,826,471,-737
584,723.0,802.0,652.0,1039.0,562.0,714.0,762.0,714.0,595.0,907.0,718.0,903.0,1586,972,720,826,866,-360
585,724.0,797.0,659.0,1038.0,566.0,715.0,759.0,713.0,597.0,906.0,718.0,900.0,1585,942,722,823,721,-402
586,722.0,803.0,656.0,1041.0,562.0,719.0,762.0,717.0,594.0,908.0,721.0,903.0,1570,961,719,827,974,-300
587,722.0,802.0,654.0,1037.0,561.0,719.0,760.0,717.0,594.0,909.0,718.0,902.0,1550,959,717,827,859,-456
588,717.0,794.0,650.0,1037.0,560.0,716.0,752.0,719.0,591.0,905.0,711.0,902.0,1541,917,713,822,866,-205
589,726.0,792.0,664.0,1041.0,557.0,717.0,759.0,711.0,599.0,909.0,721.0,902.0,1603,896,720,820,1122,41
590,712.0,790.0,659.0,1036.0,548.0,718.0,754.0,714.0,592.0,907.0,717.0,901.0,1537,861,709,818,1468,256
591,718.0,790.0,663.0,1037.0,549.0,718.0,756.0,708.0,596.0,908.0,722.0,898.0,1572,878,714,817,1327,101
592,718.0,790.0,661.0,1037.0,549.0,718.0,756.0,710.0,594.0,907.0,720.0,899.0,1562,880,713,818,1351,127
593,714.0,797.0,663.0,1040.0,543.0,725.0,759.0,712.0,593.0,917.0,724.0,905.0,1548,884,710,823,1705,278
594,711.0,797.0,659.0,1040.0,542.0,724.0,759.0,713.0,590.0,916.0,721.0,906.0,1537,891,707,824,1740,302
595,709.0,797.0,657.0,1040.0,541.0,724.0,758.0,714.0,589.0,915.0,720.0,906.0,1528,889,706,824,1770,325
596,712.0,792.0,660.0,1041.0,544.0,717.0,761.0,711.0,591.0,913.0,724.0,906.0,1571,866,710,819,1929,558
597,715.0,796.0,663.0,1036.0,544.0,724.0,757.0,710.0,594.0,914.0,724.0,902.0,1540,885,710,821,1550,136
598,715.0,795.0,663.0,1035.0,545.0,723.0,754.0,711.0,592.0,911.0,722.0,899.0,1535,880,709,820,1428,66
599,712.0,796.0,658.0,1034.0,547.0,722.0,754.0,714.0,589.0,906.0,719.0,898.0,1510,896,707,821,1367,-25
600,705.0,791.0,651.0,1031.0,545.0,718.0,749.0,716.0,583.0,902.0,712.0,896.0,1481,879,701,818,1399,56
601,713.0,793.0,656.0,1034.0,551.0,719.0,753.0,716.0,589.0,904.0,717.0,898.0,1514,888,708,819,1286,12
602,711.0,794.0,659.0,1037.0,544.0,722.0,752.0,713.0,589.0,910.0,718.0,900.0,1532,878,707,820,1438,128
603,709.0,793.0,650.0,1040.0,544.0,721.0,750.0,717.0,586.0,910.0,716.0,903.0,1525,883,704,822,1482,220
604,709.0,790.0,652.0,1041.0,543.0,720.0,751.0,714.0,587.0,912.0,716.0,905.0,1545,870,705,821,1562,326
605,708.0,792.0,654.0,1041.0,542.0,721.0,750.0,714.0,589.0,914.0,718.0,906.0,1550,861,705,821,1593,355
606,704.0,788.0,650.0,1039.0,538.0,718.0,748.0,711.0,584.0,910.0,713.0,902.0,1540,865,701,818,1588,326
607,710.0,792.0,655.0,1039.0,542.0,720.0,751.0,711.0,588.0,911.0,718.0,901.0,1550,881,706,820,1475,194
608,712.0,788.0,653.0,1033.0,549.0,715.0,745.0,712.0,588.0,902.0,711.0,896.0,1537,875,707,816,1022,-64
609,710.0,793.0,648.0,1035.0,552.0,716.0,744.0,715.0,585.0,900.0,710.0,896.0,1530,908,706,819,853,-282
610,712.0,793.0,646.0,1036.0,558.0,714.0,745.0,717.0,587.0,903.0,706.0,900.0,1542,918,709,821,670,-343
611,711.0,798.0,647.0,1039.0,552.0,716.0,747.0,716.0,584.0,906.0,709.0,902.0,1556,929,708,823,899,-211
612,710.0,795.0,645.0,1037.0,552.0,716.0,747.0,716.0,585.0,906.0,706.0,902.0,1541,924,707,822,858,-254
613,711.0,796.0,644.0,1038.0,554.0,711.0,747.0,718.0,582.0,903.0,705.0,902.0,1556,926,708,822,911,-113
614,713.0,797.0,645.0,1040.0,555.0,712.0,746.0,721.0,583.0,903.0,705.0,904.0,1561,916,709,823,921,-32
615,713.0,799.0,645.0,1039.0,557.0,714.0,747.0,724.0,583.0,904.0,706.0,905.0,1543,919,708,824,932,-60
616,716.0,795.0,649.0,1039.0,558.0,712.0,749.0,716.0,587.0,903.0,710.0,901.0,1573,923,712,821,842,-164
617,716.0,796.0,648.0,1038.0,552.0,716.0,751.0,714.0,586.0,906.0,710.0,901.0,1557,936,710,823,918,-255
618,704.0,787.0,649.0,1032.0,545.0,710.0,744.0,705.0,583.0,897.0,708.0,890.0,1549,901,704,813,951,-221
619,719.0,786.0,659.0,1035.0,551.0,710.0,754.0,705.0,590.0,900.0,719.0,892.0,1585,892,714,813,1184,19
620,717.0,785.0,656.0,1034.0,550.0,708.0,752.0,702.0,589.0,900.0,716.0,891.0,1592,903,713,812,1049,-97
621,713.0,781.0,655.0,1031.0,549.0,707.0,748.0,699.0,588.0,894.0,716.0,885.0,1576,895,710,809,968,-209
622,711.0,785.0,657.0,1031.0,545.0,711.0,755.0,704.0,587.0,899.0,719.0,891.0,1542,883,707,812,1479,132
623,713.0,784.0,658.0,1034.0,547.0,707.0,754.0,701.0,587.0,898.0,718.0,890.0,1590,891,711,811,1309,96
624,708.0,781.0,655.0,1030.0,547.0,705.0,751.0,699.0,587.0,895.0,714.0,889.0,1574,883,708,808,1199,25
625,709.0,782.0,659.0,1028.0,553.0,705.0,750.0,701.0,589.0,892.0,716.0,887.0,1566,876,711,807,1066,-61
626,711.0,786.0,656.0,1031.0,553.0,707.0,750.0,704.0,589.0,895.0,715.0,890.0,1571,893,711,811,1000,-118
627,710.0,787.0,655.0,1033.0,548.0,703.0,754.0,698.0,589.0,900.0,715.0,894.0,1618,907,712,811,1156,29
628,713.0,785.0,659.0,1030.0,554.0,701.0,753.0,692.0,590.0,894.0,716.0,886.0,1628,925,716,808,786,-354
629,711.0,786.0,657.0,1033.0,546.0,700.0,754.0,695.0,589.0,899.0,716.0,893.0,1642,899,713,809,1218,114
630,712.0,789.0,654.0,1036.0,549.0,701.0,755.0,701.0,587.0,898.0,716.0,895.0,1632,911,713,812,1243,149
631,707.0,788.0,650.0,1032.0,543.0,701.0,751.0,697.0,585.0,897.0,713.0,892.0,1614,915,709,810,1175,17
632,708.0,787.0,652.0,1033.0,545.0,698.0,752.0,693.0,585.0,899.0,711.0,893.0,1649,924,712,810,1062,-30
633,707.0,794.0,646.0,1039.0,543.0,701.0,754.0,701.0,581.0,901.0,713.0,897.0,1639,948,709,816,1265,105
634,720.0,795.0,647.0,1038.0,561.0,702.0,751.0,711.0,588.0,898.0,711.0,899.0,1617,942,717,818,782,-151
635,712.0,793.0,640.0,1037.0,547.0,697.0,749.0,703.0,579.0,896.0,708.0,896.0,1634,954,710,815,1010,-33
636,710.0,790.0,640.0,1035.0,548.0,697.0,746.0,700.0,581.0,895.0,705.0,894.0,1629,948,709,813,811,-201
637,716.0,792.0,646.0,1036.0,552.0,698.0,751.0,701.0,586.0,898.0,712.0,896.0,1645,945,715,814,908,-103
638,710.0,792.0,646.0,1036.0,546.0,696.0,753.0,696.0,583.0,897.0,712.0,895.0,1661,952,712,813,1071,-17
639,713.0,789.0,651.0,1036.0,546.0,698.0,751.0,691.0,590.0,902.0,711.0,896.0,1684,935,716,811,876,-126
640,714.0,789.0,647.0,1037.0,548.0,695.0,752.0,693.0,587.0,900.0,709.0,896.0,1684,949,715,812,874,-116
641,712.0,795.0,639.0,1037.0,552.0,699.0,747.0,704.0,582.0,896.0,708.0,896.0,1626,964,711,816,768,-261
642,712.0,792.0,640.0,1038.0,544.0,698.0,745.0,697.0,581.0,899.0,707.0,896.0,1659,955,710,814,831,-180
643,706.0,791.0,626.0,1035.0,551.0,697.0,738.0,705.0,575.0,894.0,693.0,896.0,1594,975,704,816,413,-572
644,701.0,785.0,639.0,1034.0,535.0,689.0,744.0,689.0,574.0,894.0,702.0,891.0,1673,937,704,807,1057,30
645,696.0,783.0,633.0,1034.0,529.0,689.0,735.0,690.0,568.0,894.0,695.0,891.0,1658,922,698,806,998,34
646,699.0,776.0,634.0,1022.0,536.0,692.0,723.0,688.0,571.0,886.0,688.0,880.0,1585,904,696,801,200,-716
647,683.0,774.0,627.0,1026.0,515.0,690.0,720.0,687.0,559.0,888.0,688.0,882.0,1592,871,683,798,1043,33
648,672.0,767.0,614.0,1024.0,505.0,684.0,709.0,684.0,549.0,885.0,674.0,882.0,1583,858,672,794,987,79
649,662.0,759.0,618.0,1013.0,487.0,686.0,703.0,668.0,547.0,883.0,673.0,870.0,1554,829,663,785,1094,-49
650,672.0,759.0,625.0,1011.0,495.0,689.0,701.0,666.0,552.0,884.0,676.0,867.0,1564,835,670,786,650,-417
651,664.0,755.0,624.0,1008.0,483.0,683.0,693.0,657.0,549.0,883.0,670.0,864.0,1595,807,665,779,683,-297
652,666.0,758.0,623.0,1011.0,479.0,684.0,694.0,656.0,548.0,888.0,669.0,868.0,1619,820,665,782,732,-263
653,654.0,760.0,609.0,1016.0,477.0,682.0,691.0,667.0,535.0,883.0,664.0,870.0,1576,829,655,785,1007,-28
654,655.0,767.0,597.0,1023.0,475.0,686.0,691.0,674.0,530.0,892.0,652.0,881.0,1574,881,652,795,823,-177
655,664.0,766.0,605.0,1028.0,491.0,696.0,690.0,682.0,538.0,892.0,660.0,881.0,1553,866,660,798,524,-372
656,660.0,766.0,603.0,1026.0,487.0,696.0,686.0,680.0,535.0,892.0,657.0,879.0,1545,867,657,797,439,-481
657,654.0,770.0,601.0,1029.0,481.0,696.0,687.0,678.0,529.0,894.0,658.0,880.0,1561,885,654,799,653,-374
658,647.0,770.0,598.0,1029.0,471.0,695.0,684.0,673.0,525.0,896.0,656.0,879.0,1574,887,648,798,771,-313
659,642.0,762.0,597.0,1025.0,465.0,692.0,676.0,670.0,522.0,889.0,651.0,872.0,1556,849,643,791,758,-262
660,637.0,764.0,589.0,1025.0,457.0,691.0,674.0,670.0,518.0,894.0,643.0,878.0,1555,858,637,793,815,-204
661,631.0,765.0,589.0,1026.0,452.0,689.0,677.0,665.0,512.0,893.0,647.0,874.0,1569,879,635,792,1043,-138
662,636.0,761.0,594.0,1022.0,458.0,695.0,667.0,668.0,517.0,889.0,645.0,870.0,1532,840,636,790,606,-420
663,630.0,761.0,591.0,1020.0,452.0,695.0,662.0,668.0,514.0,890.0,642.0,870.0,1518,826,631,789,673,-353
664,625.0,765.0,589.0,1024.0,438.0,687.0,668.0,654.0,510.0,898.0,640.0,875.0,1618,864,631,789,916,-188
665,620.0,761.0,576.0,1023.0,441.0,684.0,661.0,666.0,503.0,891.0,631.0,876.0,1550,845,623,789,911,-78
666,619.0,765.0,582.0,1026.0,430.0,684.0,668.0,656.0,501.0,896.0,638.0,875.0,1609,869,624,789,1241,47
667,616.0,764.0,573.0,1026.0,434.0,685.0,665.0,663.0,497.0,892.0,633.0,874.0,1556,882,620,791,1114,-65
668,620.0,760.0,577.0,1018.0,432.0,681.0,660.0,654.0,501.0,888.0,631.0,867.0,1571,868,622,785,810,-315
669,617.0,761.0,573.0,1018.0,431.0,681.0,660.0,655.0,498.0,888.0,628.0,868.0,1559,882,619,786,803,-361
670,614.0,762.0,573.0,1021.0,430.0,680.0,662.0,655.0,496.0,889.0,629.0,869.0,1573,888,619,787,930,-245
671,606.0,757.0,570.0,1019.0,428.0,682.0,659.0,656.0,492.0,887.0,627.0,866.0,1527,873,613,785,1039,-207
672,602.0,753.0,565.0,1012.0,426.0,682.0,649.0,657.0,491.0,883.0,620.0,864.0,1483,843,607,782,840,-332
673,593.0,748.0,561.0,1011.0,418.0,683.0,640.0,658.0,485.0,882.0,615.0,863.0,1453,804,598,779,998,-138
674,595.0,749.0,559.0,1015.0,417.0,679.0,640.0,653.0,479.0,880.0,614.0,861.0,1498,839,600,779,851,-275
675,592.0,753.0,553.0,1011.0,415.0,679.0,638.0,656.0,478.0,881.0,605.0,863.0,1470,856,596,781,655,-493
676,594.0,759.0,552.0,1021.0,407.0,674.0,649.0,654.0,464.0,877.0,617.0,860.0,1516,918,595,783,1318,-76
677,593.0,757.0,557.0,1014.0,407.0,679.0,642.0,656.0,465.0,869.0,623.0,852.0,1451,867,592,779,1430,-56
678,590.0,752.0,550.0,1019.0,404.0,676.0,634.0,653.0,463.0,874.0,611.0,857.0,1502,864,591,779,1066,-165
679,588.0,755.0,541.0,1023.0,403.0,683.0,621.0,660.0,455.0,874.0,604.0,857.0,1473,874,585,784,701,-476
680,565.0,761.0,512.0,1017.0,391.0,676.0,609.0,667.0,439.0,873.0,577.0,864.0,1407,910,566,787,528,-697
681,565.0,760.0,523.0,1028.0,386.0,683.0,610.0,664.0,434.0,875.0,590.0,859.0,1423,895,565,787,957,-339
682,556.0,760.0,509.0,1023.0,376.0,679.0,603.0,664.0,426.0,877.0,575.0,864.0,1414,908,556,788,845,-412
683,552.0,756.0,508.0,1021.0,370.0,677.0,600.0,659.0,422.0,874.0,574.0,859.0,1411,900,552,784,904,-393
684,531.0,757.0,482.0,1010.0,363.0,676.0,580.0,668.0,411.0,870.0,548.0,862.0,1313,895,533,784,456,-886
685,533.0,748.0,496.0,1003.0,357.0,680.0,572.0,657.0,418.0,871.0,551.0,854.0,1319,833,534,776,230,-1009
686,531.0,750.0,490.0,1011.0,344.0,672.0,576.0,648.0,402.0,868.0,552.0,849.0,1373,898,530,776,600,-844
687,519.0,755.0,476.0,1009.0,335.0,673.0,565.0,652.0,392.0,866.0,542.0,850.0,1333,910,519,778,490,-1073
688,520.0,756.0,465.0,1012.0,341.0,669.0,568.0,665.0,388.0,864.0,536.0,859.0,1310,908,517,782,738,-578
689,518.0,757.0,474.0,1010.0,332.0,673.0,559.0,651.0,391.0,868.0,538.0,851.0,1350,910,518,779,234,-1283
690,517.0,755.0,473.0,1014.0,331.0,669.0,563.0,648.0,391.0,872.0,533.0,856.0,1388,914,520,779,283,-1044
691,530.0,753.0,478.0,1020.0,347.0,676.0,563.0,654.0,403.0,879.0,536.0,862.0,1398,898,530,784,-246,-1388
692,537.0,773.0,487.0,1031.0,342.0,681.0,577.0,651.0,404.0,889.0,550.0,867.0,1483,978,539,794,101,-1297
693,542.0,774.0,488.0,1042.0,351.0,689.0,580.0,672.0,405.0,893.0,555.0,879.0,1449,933,540,801,663,-419
694,551.0,779.0,497.0,1049.0,363.0,693.0,580.0,674.0,416.0,897.0,561.0,882.0,1487,927,551,805,315,-622
695,559.0,783.0,504.0,1048.0,376.0,698.0,592.0,686.0,426.0,898.0,570.0,887.0,1456,921,558,809,562,-395
696,571.0,787.0,517.0,1055.0,380.0,696.0,609.0,677.0,433.0,903.0,581.0,887.0,1548,971,571,811,651,-398
697,573.0,789.0,526.0,1057.0,394.0,694.0,622.0,674.0,442.0,907.0,585.0,892.0,1590,995,583,813,556,-471
698,576.0,793.0,530.0,1055.0,396.0,701.0,627.0,688.0,447.0,905.0,597.0,893.0,1523,961,581,815,1052,-53
699,605.0,797.0,554.0,1063.0,420.0,695.0,655.0,677.0,467.0,910.0,615.0,896.0,1680,1027,612,818,861,-201
700,612.0,802.0,550.0,1055.0,430.0,703.0,661.0,696.0,475.0,906.0,623.0,898.0,1550,1017,611,823,1094,-115
701,635.0,811.0,568.0,1064.0,448.0,707.0,684.0,698.0,492.0,915.0,643.0,906.0,1632,1062,633,830,1198,-26
702,648.0,813.0,582.0,1061.0,470.0,712.0,693.0,709.0,510.0,913.0,656.0,907.0,1594,1024,646,832,1165,-12
703,660.0,819.0,598.0,1069.0,490.0,723.0,707.0,715.0,524.0,920.0,673.0,911.0,1605,1045,661,840,1138,-124
704,695.0,822.0,624.0,1077.0,533.0,730.0,732.0,732.0,554.0,923.0,698.0,920.0,1623,1022,693,847,1089,15
705,702.0,830.0,639.0,1077.0,548.0,734.0,753.0,740.0,564.0,922.0,713.0,921.0,1611,1051,705,852,1252,26
706,719.0,836.0,648.0,1083.0,566.0,744.0,770.0,751.0,581.0,927.0,728.0,927.0,1577,1074,717,861,1459,52
707,742.0,862.0,664.0,1071.0,584.0,756.0,788.0,754.0,606.0,938.0,743.0,932.0,1570,1156,738,873,694,-1520
708,757.0,859.0,679.0,1076.0,604.0,760.0,803.0,766.0,623.0,938.0,758.0,937.0,1569,1117,753,875,1069,-733
709,768.0,860.0,686.0,1078.0,620.0,762.0,822.0,768.0,637.0,940.0,774.0,942.0,1574,1145,766,878,1238,-733
710,795.0,875.0,701.0,1064.0,654.0,771.0,831.0,783.0,663.0,948.0,779.0,948.0,1526,1146,786,887,-466,-3821
711,815.0,876.0,723.0,1060.0,679.0,777.0,850.0,786.0,685.0,946.0,801.0,944.0,1512,1146,806,889,-2802,-9952
712,825.0,889.0,730.0,1068.0,684.0,778.0,878.0,783.0,695.0,950.0,825.0,950.0,1558,1256,820,898,-785,-8915
713,868.0,894.0,775.0,1081.0,716.0,787.0,919.0,786.0,730.0,957.0,872.0,954.0,1644,1271,860,903,577,-4837
714,828.0,899.0,746.0,1057.0,714.0,789.0,891.0,800.0,713.0,946.0,839.0,948.0,1449,1261,832,904,3118,9962
715,838.0,885.0,756.0,1048.0,723.0,785.0,900.0,794.0,728.0,941.0,847.0,944.0,1436,1202,840,895,3184,9266
716,832.0,899.0,761.0,1042.0,734.0,795.0,896.0,805.0,733.0,944.0,846.0,946.0,1393,1214,841,903,2290,5193
717,854.0,905.0,776.0,1062.0,751.0,796.0,914.0,800.0,748.0,954.0,859.0,953.0,1544,1263,866,910,4033,9522
718,903.0,896.0,817.0,1044.0,790.0,793.0,962.0,800.0,793.0,943.0,906.0,944.0,1494,1234,904,901,2485,5515
719,903.0,909.0,814.0,1052.0,802.0,804.0,965.0,816.0,795.0,953.0,903.0,957.0,1486,1264,907,915,2332,5144
720,922.0,908.0,837.0,1058.0,822.0,806.0,982.0,820.0,818.0,955.0,925.0,961.0,1531,1228,928,915,2876,6201
721,921.0,911.0,828.0,1054.0,838.0,809.0,980.0,827.0,821.0,956.0,914.0,965.0,1517,1248,930,920,2538,4938
722,920.0,894.0,863.0,1077.0,828.0,799.0,985.0,812.0,833.0,968.0,944.0,970.0,1707,1114,944,907,-611,-3563
723,929.0,900.0,872.0,1081.0,839.0,813.0,988.0,828.0,846.0,973.0,948.0,979.0,1659,1083,950,915,-1888,-5312
724,932.0,904.0,881.0,1080.0,845.0,822.0,995.0,829.0,858.0,978.0,959.0,983.0,1642,1082,956,919,-6077,-13050
725,950.0,899.0,891.0,1071.0,866.0,820.0,1005.0,833.0,871.0,971.0,967.0,980.0,1614,1067,969,916,22459,36865
726,953.0,888.0,920.0,1078.0,869.0,822.0,1007.0,829.0,887.0,976.0,985.0,979.0,1660,959,979,908,-1685,-3246
727,957.0,864.0,905.0,1071.0,869.0,803.0,1004.0,813.0,880.0,960.0,976.0,965.0,1688,971,977,894,-1295,-2797
728,970.0,877.0,914.0,1075.0,875.0,806.0,1003.0,810.0,888.0,962.0,971.0,963.0,1751,1009,987,898,-3912,-5047
729,988.0,881.0,923.0,1074.0,890.0,823.0,1010.0,817.0,904.0,968.0,993.0,962.0,1699,1017,998,905,16638,18497
730,987.0,892.0,941.0,1065.0,884.0,839.0,1011.0,821.0,908.0,971.0,1001.0,960.0,1617,993,996,908,5245,5519
731,992.0,882.0,948.0,1060.0,885.0,842.0,1013.0,824.0,908.0,966.0,1009.0,955.0,1547,950,994,904,4273,4307
732,945.0,887.0,948.0,1046.0,849.0,845.0,996.0,806.0,894.0,971.0,993.0,948.0,1452,935,965,899,3623,3832
733,945.0,887.0,948.0,1046.0,849.0,845.0,996.0,806.0,894.0,971.0,993.0,948.0,1452,935,965,899,3623,3832
734,945.0,887.0,948.0,1046.0,849.0,845.0,996.0,806.0,894.0,971.0,993.0,948.0,1452,935,965,899,3623,3832
735,945.0,887.0,948.0,1046.0,849.0,845.0,996.0,806.0,894.0,971.0,993.0,948.0,1452,935,965,899,3623,3832
736,945.0,887.0,948.0,1046.0,849.0,845.0,996.0,806.0,894.0,971.0,993.0,948.0,1452,935,965,899,3623,3832
737,945.0,887.0,948.0,1046.0,849.0,845.0,996.0,806.0,894.0,971.0,993.0,948.0,1452,935,965,899,3623,3832
738,945.0,887.0,948.0,1046.0,849.0,845.0,996.0,806.0,894.0,971.0,993.0,948.0,1452,935,965,899,3623,3832
739,945.0,887.0,948.0,1046.0,849.0,845.0,996.0,806.0,894.0,971.0,993.0,948.0,1452,935,965,899,3623,3832
740,945.0,887.0,948.0,1046.0,849.0,845.0,996.0,806.0,894.0,971.0,993.0,948.0,1452,935,965,899,3623,3832
741,945.0,887.0,948.0,1046.0,849.0,845.0,996.0,806.0,894.0,971.0,993.0,948.0,1452,935,965,899,3623,3832
742,945.0,887.0,948.0,1046.0,849.0,845.0,996.0,806.0,894.0,971.0,993.0,948.0,1452,935,965,899,3623,3832
743,945.0,887.0,948.0,1046.0,849.0,845.0,996.0,806.0,894.0,971.0,993.0,948.0,1452,935,965,899,3623,3832
744,945.0,887.0,948.0,1046.0,849.0,845.0,996.0,806.0,894.0,971.0,993.0,948.0,1452,935,965,899,3623,3832
745,945.0,887.0,948.0,1046.0,849.0,845.0,996.0,806.0,894.0,971.0,993.0,948.0,1452,935,965,899,3623,3832
746,945.0,887.0,948.0,1046.0,849.0,845.0,996.0,806.0,894.0,971.0,993.0,948.0,1452,935,965,899,3623,3832
747,945.0,887.0,948.0,1046.0,849.0,845.0,996.0,806.0,894.0,971.0,993.0,948.0,1452,935,965,899,3623,3832
748,945.0,887.0,948.0,1046.0,849.0,845.0,996.0,806.0,894.0,971.0,993.0,948.0,1452,935,965,899,3623,3832
749,945.0,887.0,948.0,1046.0,849.0,845.0,996.0,806.0,894.0,971.0,993.0,948.0,1452,935,965,899,3623,3832
750,945.0,887.0,948.0,1046.0,849.0,845.0,996.0,806.0,894.0,971.0,993.0,948.0,1452,935,965,899,3623,3832
751,945.0,887.0,948.0,1046.0,849.0,845.0,996.0,806.0,894.0,971.0,993.0,948.0,1452,935,965,899,3623,3832
752,945.0,887.0,948.0,1046.0,849.0,845.0,996.0,806.0,894.0,971.0,993.0,948.0,1452,935,965,899,3623,3832
753,945.0,887.0,948.0,1046.0,849.0,845.0,996.0,806.0,894.0,971.0,993.0,948.0,1452,935,965,899,3623,3832
754,945.0,887.0,948.0,1046.0,849.0,845.0,996.0,806.0,894.0,971.0,993.0,948.0,1452,935,965,899,3623,3832
755,945.0,887.0,948.0,1046.0,849.0,845.0,996.0,806.0,894.0,971.0,993.0,948.0,1452,935,965,899,3623,3832
756,945.0,887.0,948.0,1046.0,849.0,845.0,996.0,806.0,894.0,971.0,993.0,948.0,1452,935,965,899,3623,3832
757,945.0,887.0,948.0,1046.0,849.0,845.0,996.0,806.0,894.0,971.0,993.0,948.0,1452,935,965,899,3623,3832
758,945.0,887.0,948.0,1046.0,849.0,845.0,996.0,806.0,894.0,971.0,993.0,948.0,1452,935,965,899,3623,3832
759,945.0,887.0,948.0,1046.0,849.0,845.0,996.0,806.0,894.0,971.0,993.0,948.0,1452,935,965,899,3623,3832
760,945.0,887.0,948.0,1046.0,849.0,845.0,996.0,806.0,894.0,971.0,993.0,948.0,1452,935,965,899,3623,3832
761,945.0,887.0,948.0,1046.0,849.0,845.0,996.0,806.0,894.0,971.0,993.0,948.0,1452,935,965,899,3623,3832
762,945.0,887.0,948.0,1046.0,849.0,845.0,996.0,806.0,894.0,971.0,993.0,948.0,1452,935,965,899,3623,3832
763,945.0,887.0,948.0,1046.0,849.0,845.0,996.0,806.0,894.0,971.0,993.0,948.0,1452,935,965,899,3623,3832
764,945.0,887.0,948.0,1046.0,849.0,845.0,996.0,806.0,894.0,971.0,993.0,948.0,1452,935,965,899,3623,3832
765,945.0,887.0,948.0,1046.0,849.0,845.0,996.0,806.0,894.0,971.0,993.0,948.0,1452,935,965,899,3623,3832
766,945.0,887.0,948.0,1046.0,849.0,845.0,996.0,806.0,894.0,971.0,993.0,948.0,1452,935,965,899,3623,3832
767,945.0,887.0,948.0,1046.0,849.0,845.0,996.0,806.0,894.0,971.0,993.0,948.0,1452,935,965,899,3623,3832
768,945.0,887.0,948.0,1046.0,849.0,845.0,996.0,806.0,894.0,971.0,993.0,948.0,1452,935,965,899,3623,3832
769,945.0,887.0,948.0,1046.0,849.0,845.0,996.0,806.0,894.0,971.0,993.0,948.0,1452,935,965,899,3623,3832
770,945.0,887.0,948.0,1046.0,849.0,845.0,996.0,806.0,894.0,971.0,993.0,948.0,1452,935,965,899,3623,3832
771,945.0,887.0,948.0,1046.0,849.0,845.0,996.0,806.0,894.0,971.0,993.0,948.0,1452,935,965,899,3623,3832
772,945.0,887.0,948.0,1046.0,849.0,845.0,996.0,806.0,894.0,971.0,993.0,948.0,1452,935,965,899,3623,3832
773,945.0,887.0,948.0,1046.0,849.0,845.0,996.0,806.0,894.0,971.0,993.0,948.0,1452,935,965,899,3623,3832
774,945.0,887.0,948.0,1046.0,849.0,845.0,996.0,806.0,894.0,971.0,993.0,948.0,1452,935,965,899,3623,3832
775,945.0,887.0,948.0,1046.0,849.0,845.0,996.0,806.0,894.0,971.0,993.0,948.0,1452,935,965,899,3623,3832
776,945.0,887.0,948.0,1046.0,849.0,845.0,996.0,806.0,894.0,971.0,993.0,948.0,1452,935,965,899,3623,3832
777,945.0,887.0,948.0,1046.0,849.0,845.0,996.0,806.0,894.0,971.0,993.0,948.0,1452,935,965,899,3623,3832
778,945.0,887.0,948.0,1046.0,849.0,845.0,996.0,806.0,894.0,971.0,993.0,948.0,1452,935,965,899,3623,3832
779,945.0,887.0,948.0,1046.0,849.0,845.0,996.0,806.0,894.0,971.0,993.0,948.0,1452,935,965,899,3623,3832
780,945.0,887.0,948.0,1046.0,849.0,845.0,996.0,806.0,894.0,971.0,993.0,948.0,1452,935,965,899,3623,3832
781,945.0,887.0,948.0,1046.0,849.0,845.0,996.0,806.0,894.0,971.0,993.0,948.0,1452,935,965,899,3623,3832
782,945.0,887.0,948.0,1046.0,849.0,845.0,996.0,806.0,894.0,971.0,993.0,948.0,1452,935,965,899,3623,3832
783,945.0,887.0,948.0,1046.0,849.0,845.0,996.0,806.0,894.0,971.0,993.0,948.0,1452,935,965,899,3623,3832
784,945.0,887.0,948.0,1046.0,849.0,845.0,996.0,806.0,894.0,971.0,993.0,948.0,1452,935,965,899,3623,3832
785,945.0,887.0,948.0,1046.0,849.0,845.0,996.0,806.0,894.0,971.0,993.0,948.0,1452,935,965,899,3623,3832
786,945.0,887.0,948.0,1046.0,849.0,845.0,996.0,806.0,894.0,971.0,993.0,948.0,1452,935,965,899,3623,3832
787,945.0,887.0,948.0,1046.0,849.0,845.0,996.0,806.0,894.0,971.0,993.0,948.0,1452,935,965,899,3623,3832
788,945.0,887.0,948.0,1046.0,849.0,845.0,996.0,806.0,894.0,971.0,993.0,948.0,1452,935,965,899,3623,3832
789,945.0,887.0,948.0,1046.0,849.0,845.0,996.0,806.0,894.0,971.0,993.0,948.0,1452,935,965,899,3623,3832
790,945.0,887.0,948.0,1046.0,849.0,845.0,996.0,806.0,894.0,971.0,993.0,948.0,1452,935,965,899,3623,3832
791,945.0,887.0,948.0,1046.0,849.0,845.0,996.0,806.0,894.0,971.0,993.0,948.0,1452,935,965,899,3623,3832
792,945.0,887.0,948.0,1046.0,849.0,845.0,996.0,806.0,894.0,971.0,993.0,948.0,1452,935,965,899,3623,3832
793,945.0,887.0,948.0,1046.0,849.0,845.0,996.0,806.0,894.0,971.0,993.0,948.0,1452,935,965,899,3623,3832
794,945.0,887.0,948.0,1046.0,849.0,845.0,996.0,806.0,894.0,971.0,993.0,948.0,1452,935,965,899,3623,3832
795,945.0,887.0,948.0,1046.0,849.0,845.0,996.0,806.0,894.0,971.0,993.0,948.0,1452,935,965,899,3623,3832
796,945.0,887.0,948.0,1046.0,849.0,845.0,996.0,806.0,894.0,971.0,993.0,948.0,1452,935,965,899,3623,3832
797,945.0,887.0,948.0,1046.0,849.0,845.0,996.0,806.0,894.0,971.0,993.0,948.0,1452,935,965,899,3623,3832
798,945.0,887.0,948.0,1046.0,849.0,845.0,996.0,806.0,894.0,971.0,993.0,948.0,1452,935,965,899,3623,3832
799,945.0,887.0,948.0,1046.0,849.0,845.0,996.0,806.0,894.0,971.0,993.0,948.0,1452,935,965,899,3623,3832
800,945.0,887.0,948.0,1046.0,849.0,845.0,996.0,806.0,894.0,971.0,993.0,948.0,1452,935,965,899,3623,3832
801,945.0,887.0,948.0,1046.0,849.0,845.0,996.0,806.0,894.0,971.0,993.0,948.0,1452,935,965,899,3623,3832
802,945.0,887.0,948.0,1046.0,849.0,845.0,996.0,806.0,894.0,971.0,993.0,948.0,1452,935,965,899,3623,3832
803,945.0,887.0,948.0,1046.0,849.0,845.0,996.0,806.0,894.0,971.0,993.0,948.0,1452,935,965,899,3623,3832
804,945.0,887.0,948.0,1046.0,849.0,845.0,996.0,806.0,894.0,971.0,993.0,948.0,1452,935,965,899,3623,3832
805,945.0,887.0,948.0,1046.0,849.0,845.0,996.0,806.0,894.0,971.0,993.0,948.0,1452,935,965,899,3623,3832
806,945.0,887.0,948.0,1046.0,849.0,845.0,996.0,806.0,894.0,971.0,993.0,948.0,1452,935,965,899,3623,3832
807,945.0,887.0,948.0,1046.0,849.0,845.0,996.0,806.0,894.0,971.0,993.0,948.0,1452,935,965,899,3623,3832
808,945.0,887.0,948.0,1046.0,849.0,845.0,996.0,806.0,894.0,971.0,993.0,948.0,1452,935,965,899,3623,3832
