,nosetip_x,nosetip_y,chin_x,chin_y,left_eye_corner_x,left_eye_corner_y,right_eye_corner_x,right_eye_corner_y,left_mouth_corner_x,left_mouth_corner_y,right_mouth_corner_x,right_mouth_corner_y,nose_end_point_x,nose_end_point_y,head_pose1_x,head_pose1_y,head_pose2_x,head_pose2_y,jerk_expected
0,600.0,1321.0,536.0,1535.0,409.0,1214.0,650.0,1183.0,465.0,1411.0,612.0,1394.0,1401,1705,588,1326,3137,2183,0
1,603.0,1324.0,536.0,1537.0,410.0,1215.0,655.0,1180.0,467.0,1416.0,613.0,1396.0,1442,1755,592,1329,2983,2079,0
2,602.0,1322.0,539.0,1537.0,408.0,1215.0,655.0,1179.0,466.0,1413.0,617.0,1394.0,1427,1747,591,1327,3404,2386,0
3,600.0,1320.0,533.0,1536.0,407.0,1214.0,653.0,1181.0,464.0,1415.0,610.0,1396.0,1410,1728,588,1327,3187,2243,0
4,597.0,1322.0,529.0,1535.0,406.0,1212.0,651.0,1183.0,462.0,1410.0,606.0,1395.0,1403,1735,585,1327,3105,2214,0
5,596.0,1321.0,527.0,1534.0,409.0,1213.0,650.0,1185.0,460.0,1410.0,605.0,1395.0,1384,1731,584,1327,2966,2106,0
6,595.0,1321.0,525.0,1534.0,407.0,1212.0,649.0,1186.0,459.0,1409.0,603.0,1395.0,1378,1726,583,1327,3027,2169,0
7,596.0,1322.0,523.0,1533.0,407.0,1212.0,650.0,1187.0,458.0,1409.0,601.0,1395.0,1372,1742,582,1328,2966,2133,0
8,595.0,1321.0,525.0,1535.0,408.0,1213.0,649.0,1186.0,458.0,1409.0,603.0,1395.0,1382,1732,583,1328,2961,2116,0
9,597.0,1323.0,527.0,1535.0,409.0,1214.0,650.0,1187.0,461.0,1411.0,604.0,1397.0,1384,1727,585,1329,2944,2097,0
10,596.0,1321.0,528.0,1535.0,409.0,1215.0,649.0,1186.0,461.0,1411.0,605.0,1395.0,1380,1721,584,1328,2909,2041,0
11,596.0,1324.0,525.0,1536.0,408.0,1213.0,651.0,1186.0,460.0,1412.0,602.0,1397.0,1401,1749,585,1330,2880,2065,0
12,599.0,1323.0,528.0,1538.0,409.0,1212.0,653.0,1182.0,462.0,1415.0,604.0,1398.0,1441,1753,589,1329,2817,2016,0
13,601.0,1324.0,529.0,1536.0,409.0,1213.0,655.0,1183.0,462.0,1414.0,606.0,1397.0,1422,1767,588,1330,2954,2113,0
14,598.0,1322.0,528.0,1535.0,411.0,1214.0,652.0,1187.0,463.0,1411.0,605.0,1397.0,1384,1726,586,1329,2944,2098,0
15,598.0,1323.0,528.0,1537.0,409.0,1214.0,654.0,1185.0,461.0,1413.0,605.0,1397.0,1404,1756,586,1330,3013,2164,0
16,600.0,1323.0,528.0,1536.0,411.0,1214.0,655.0,1185.0,463.0,1413.0,605.0,1397.0,1406,1757,588,1330,2881,2055,0
17,600.0,1323.0,530.0,1536.0,409.0,1215.0,655.0,1184.0,463.0,1414.0,607.0,1397.0,1402,1756,588,1330,3040,2162,0
18,599.0,1324.0,533.0,1539.0,408.0,1217.0,655.0,1182.0,463.0,1416.0,611.0,1397.0,1421,1767,588,1331,3151,2228,0
19,599.0,1324.0,532.0,1537.0,409.0,1216.0,655.0,1183.0,463.0,1413.0,610.0,1395.0,1410,1771,588,1330,3081,2177,0
20,599.0,1323.0,530.0,1538.0,410.0,1215.0,655.0,1184.0,462.0,1415.0,608.0,1397.0,1413,1761,588,1330,3033,2166,0
21,600.0,1322.0,534.0,1539.0,410.0,1215.0,654.0,1183.0,464.0,1415.0,611.0,1398.0,1419,1733,589,1329,3171,2255,0
22,599.0,1324.0,532.0,1538.0,409.0,1215.0,656.0,1183.0,463.0,1414.0,610.0,1396.0,1417,1771,589,1330,3156,2254,0
23,596.0,1325.0,526.0,1534.0,409.0,1216.0,653.0,1188.0,459.0,1410.0,604.0,1395.0,1366,1771,584,1331,2994,2130,0
24,598.0,1326.0,529.0,1536.0,409.0,1216.0,653.0,1185.0,462.0,1413.0,606.0,1395.0,1406,1774,587,1331,2851,1998,0
25,600.0,1324.0,531.0,1537.0,410.0,1216.0,654.0,1185.0,462.0,1412.0,609.0,1395.0,1402,1763,588,1330,3028,2144,0
26,595.0,1327.0,527.0,1535.0,408.0,1217.0,651.0,1188.0,459.0,1412.0,604.0,1395.0,1377,1771,584,1332,2908,2042,0
27,594.0,1329.0,526.0,1536.0,408.0,1217.0,650.0,1188.0,458.0,1413.0,603.0,1397.0,1390,1776,584,1333,2839,2001,0
28,593.0,1330.0,523.0,1534.0,405.0,1216.0,651.0,1187.0,456.0,1413.0,599.0,1396.0,1389,1804,582,1334,2794,1966,0
29,594.0,1330.0,523.0,1533.0,404.0,1216.0,650.0,1187.0,456.0,1411.0,600.0,1395.0,1382,1801,581,1333,2841,1996,0
30,595.0,1328.0,525.0,1534.0,408.0,1216.0,652.0,1187.0,458.0,1411.0,602.0,1395.0,1386,1792,584,1333,2813,1978,0
31,600.0,1323.0,530.0,1537.0,409.0,1215.0,655.0,1186.0,461.0,1413.0,609.0,1397.0,1388,1754,586,1330,3293,2380,0
32,598.0,1325.0,529.0,1538.0,408.0,1217.0,653.0,1185.0,461.0,1416.0,606.0,1398.0,1406,1762,586,1332,2965,2098,0
33,600.0,1325.0,533.0,1539.0,409.0,1217.0,656.0,1184.0,463.0,1416.0,611.0,1398.0,1413,1768,589,1332,3220,2298,0
34,600.0,1324.0,534.0,1539.0,410.0,1217.0,654.0,1183.0,464.0,1415.0,611.0,1396.0,1423,1757,590,1331,3006,2107,0
35,601.0,1327.0,530.0,1537.0,410.0,1215.0,656.0,1186.0,462.0,1413.0,608.0,1396.0,1411,1786,588,1332,3030,2172,0
36,602.0,1324.0,532.0,1539.0,411.0,1216.0,657.0,1184.0,463.0,1415.0,610.0,1397.0,1421,1773,590,1331,3063,2188,0
37,603.0,1327.0,539.0,1541.0,412.0,1218.0,658.0,1183.0,467.0,1417.0,617.0,1398.0,1439,1772,593,1332,3252,2303,0
38,604.0,1325.0,539.0,1540.0,412.0,1217.0,657.0,1182.0,468.0,1417.0,616.0,1397.0,1442,1757,594,1331,3126,2192,0
39,603.0,1326.0,537.0,1540.0,412.0,1216.0,660.0,1181.0,464.0,1416.0,613.0,1396.0,1453,1801,593,1332,3077,2187,0
40,602.0,1323.0,535.0,1540.0,413.0,1216.0,657.0,1183.0,466.0,1415.0,613.0,1396.0,1433,1761,592,1330,3028,2142,0
41,603.0,1325.0,535.0,1541.0,411.0,1217.0,659.0,1182.0,465.0,1416.0,613.0,1397.0,1443,1789,592,1332,3115,2219,0
42,602.0,1325.0,536.0,1540.0,410.0,1217.0,656.0,1183.0,465.0,1415.0,612.0,1396.0,1432,1766,591,1331,3085,2174,0
43,601.0,1327.0,538.0,1539.0,408.0,1219.0,656.0,1183.0,465.0,1416.0,614.0,1396.0,1419,1775,590,1332,3265,2287,0
44,603.0,1325.0,538.0,1541.0,412.0,1218.0,656.0,1184.0,466.0,1415.0,616.0,1396.0,1428,1758,592,1331,3184,2241,0
45,600.0,1324.0,536.0,1540.0,410.0,1218.0,655.0,1183.0,464.0,1416.0,613.0,1397.0,1420,1755,590,1331,3172,2232,0
46,600.0,1326.0,533.0,1541.0,409.0,1218.0,656.0,1184.0,463.0,1417.0,611.0,1397.0,1427,1782,589,1333,3099,2198,0
47,599.0,1327.0,532.0,1540.0,409.0,1217.0,655.0,1185.0,462.0,1416.0,609.0,1397.0,1423,1780,588,1333,3046,2165,0
48,601.0,1327.0,532.0,1541.0,409.0,1217.0,656.0,1183.0,463.0,1417.0,610.0,1398.0,1443,1789,590,1333,3001,2134,0
49,600.0,1326.0,533.0,1540.0,409.0,1217.0,654.0,1185.0,463.0,1415.0,610.0,1397.0,1420,1763,589,1332,3081,2185,0
50,600.0,1327.0,531.0,1540.0,408.0,1217.0,657.0,1185.0,461.0,1416.0,609.0,1398.0,1417,1793,588,1333,3201,2309,0
51,599.0,1328.0,530.0,1540.0,408.0,1217.0,655.0,1185.0,461.0,1417.0,607.0,1399.0,1426,1786,588,1334,3015,2157,0
52,596.0,1326.0,527.0,1541.0,407.0,1216.0,653.0,1186.0,458.0,1419.0,602.0,1400.0,1422,1769,585,1333,2931,2108,0
53,596.0,1324.0,528.0,1542.0,406.0,1215.0,651.0,1184.0,458.0,1418.0,604.0,1400.0,1432,1749,586,1331,3010,2165,0
54,598.0,1329.0,527.0,1543.0,406.0,1216.0,654.0,1183.0,458.0,1421.0,604.0,1402.0,1461,1798,588,1335,2902,2096,0
55,599.0,1327.0,532.0,1543.0,406.0,1217.0,656.0,1182.0,460.0,1419.0,608.0,1399.0,1452,1795,589,1333,3113,2232,0
56,597.0,1328.0,527.0,1544.0,405.0,1215.0,655.0,1184.0,457.0,1421.0,603.0,1402.0,1454,1795,587,1334,3062,2242,0
57,593.0,1327.0,522.0,1545.0,403.0,1215.0,650.0,1186.0,454.0,1420.0,597.0,1403.0,1443,1770,583,1334,2897,2124,0
58,594.0,1327.0,523.0,1545.0,404.0,1215.0,651.0,1187.0,454.0,1420.0,599.0,1403.0,1436,1770,583,1334,3013,2221,0
59,594.0,1326.0,525.0,1545.0,402.0,1214.0,651.0,1184.0,454.0,1421.0,599.0,1402.0,1452,1770,584,1333,3030,2216,0
60,594.0,1322.0,525.0,1543.0,403.0,1212.0,649.0,1183.0,453.0,1419.0,598.0,1400.0,1444,1744,583,1330,2951,2146,0
61,594.0,1327.0,527.0,1546.0,401.0,1216.0,652.0,1184.0,454.0,1422.0,602.0,1402.0,1448,1780,584,1334,3220,2351,0
62,593.0,1330.0,525.0,1549.0,400.0,1216.0,652.0,1183.0,452.0,1424.0,599.0,1403.0,1484,1811,584,1336,3002,2201,0
63,593.0,1332.0,525.0,1548.0,399.0,1217.0,653.0,1184.0,452.0,1424.0,600.0,1403.0,1472,1827,583,1337,3120,2294,0
64,592.0,1333.0,524.0,1546.0,398.0,1218.0,652.0,1185.0,451.0,1423.0,600.0,1403.0,1450,1829,581,1338,3183,2338,0
65,592.0,1332.0,523.0,1547.0,398.0,1217.0,651.0,1186.0,449.0,1424.0,598.0,1404.0,1450,1815,581,1338,3181,2353,0
66,593.0,1334.0,524.0,1549.0,399.0,1216.0,653.0,1184.0,451.0,1425.0,600.0,1405.0,1486,1836,584,1338,3135,2331,0
67,595.0,1331.0,527.0,1549.0,400.0,1216.0,654.0,1184.0,453.0,1425.0,603.0,1404.0,1476,1814,585,1337,3308,2450,0
68,595.0,1332.0,525.0,1552.0,400.0,1213.0,655.0,1183.0,452.0,1425.0,601.0,1405.0,1514,1831,586,1337,3227,2431,0
69,599.0,1333.0,528.0,1551.0,404.0,1216.0,656.0,1185.0,456.0,1426.0,604.0,1406.0,1500,1819,589,1338,3120,2320,0
70,599.0,1333.0,529.0,1552.0,405.0,1217.0,656.0,1184.0,455.0,1426.0,605.0,1404.0,1512,1833,590,1339,3009,2217,0
71,600.0,1332.0,529.0,1550.0,407.0,1217.0,657.0,1186.0,457.0,1424.0,605.0,1404.0,1487,1819,590,1338,3036,2243,0
72,600.0,1333.0,531.0,1552.0,404.0,1218.0,659.0,1182.0,456.0,1427.0,607.0,1404.0,1518,1853,591,1339,3140,2312,0
73,598.0,1334.0,530.0,1552.0,402.0,1217.0,658.0,1183.0,454.0,1426.0,606.0,1404.0,1511,1855,589,1339,3287,2445,0
74,598.0,1333.0,529.0,1552.0,402.0,1216.0,657.0,1184.0,454.0,1426.0,606.0,1406.0,1502,1832,588,1338,3411,2558,0
75,598.0,1333.0,529.0,1551.0,402.0,1215.0,658.0,1183.0,454.0,1426.0,604.0,1405.0,1510,1842,588,1338,3287,2461,0
76,599.0,1333.0,531.0,1552.0,404.0,1217.0,658.0,1183.0,456.0,1427.0,607.0,1406.0,1511,1833,590,1339,3262,2421,0
77,598.0,1333.0,525.0,1554.0,402.0,1213.0,658.0,1182.0,453.0,1426.0,603.0,1405.0,1542,1861,589,1339,3148,2385,0
78,598.0,1333.0,531.0,1552.0,401.0,1217.0,658.0,1183.0,454.0,1427.0,607.0,1406.0,1502,1837,588,1338,3534,2641,0
79,598.0,1332.0,527.0,1554.0,404.0,1216.0,656.0,1182.0,454.0,1425.0,605.0,1403.0,1533,1848,590,1338,2982,2211,0
80,597.0,1333.0,527.0,1552.0,401.0,1218.0,656.0,1185.0,453.0,1427.0,603.0,1406.0,1490,1833,586,1339,3251,2421,0
81,597.0,1334.0,529.0,1550.0,399.0,1218.0,655.0,1185.0,453.0,1426.0,606.0,1405.0,1475,1830,585,1339,3528,2622,0
82,595.0,1332.0,528.0,1551.0,397.0,1216.0,655.0,1183.0,451.0,1426.0,603.0,1406.0,1488,1824,584,1337,3596,2694,0
83,595.0,1334.0,527.0,1551.0,397.0,1217.0,654.0,1183.0,451.0,1427.0,603.0,1406.0,1495,1837,584,1339,3408,2537,0
84,593.0,1334.0,525.0,1552.0,394.0,1215.0,652.0,1182.0,449.0,1427.0,601.0,1406.0,1509,1835,583,1338,3435,2570,0
85,595.0,1334.0,526.0,1552.0,395.0,1215.0,653.0,1181.0,450.0,1428.0,601.0,1406.0,1522,1840,584,1338,3307,2461,0
86,596.0,1331.0,528.0,1552.0,398.0,1214.0,653.0,1179.0,451.0,1426.0,602.0,1403.0,1535,1830,587,1336,3112,2291,0
87,594.0,1330.0,526.0,1552.0,396.0,1213.0,652.0,1178.0,449.0,1425.0,601.0,1402.0,1536,1835,585,1335,3153,2330,0
88,592.0,1331.0,525.0,1551.0,394.0,1215.0,651.0,1182.0,448.0,1426.0,600.0,1405.0,1491,1816,581,1336,3459,2576,0
89,593.0,1332.0,525.0,1552.0,394.0,1215.0,651.0,1181.0,449.0,1428.0,601.0,1407.0,1508,1817,583,1337,3421,2545,0
90,593.0,1330.0,527.0,1552.0,394.0,1216.0,650.0,1182.0,450.0,1427.0,602.0,1405.0,1491,1795,582,1336,3491,2569,0
91,593.0,1333.0,525.0,1554.0,393.0,1215.0,650.0,1182.0,449.0,1428.0,601.0,1407.0,1516,1814,583,1337,3449,2568,0
92,597.0,1333.0,529.0,1554.0,396.0,1215.0,653.0,1180.0,452.0,1429.0,603.0,1408.0,1538,1816,587,1337,3355,2485,0
93,592.0,1339.0,528.0,1554.0,391.0,1220.0,651.0,1181.0,451.0,1431.0,605.0,1408.0,1523,1856,583,1341,3518,2585,0
94,591.0,1340.0,527.0,1555.0,389.0,1222.0,653.0,1182.0,450.0,1429.0,607.0,1407.0,1506,1890,581,1343,3882,2900,0
95,591.0,1341.0,529.0,1558.0,391.0,1219.0,651.0,1182.0,450.0,1431.0,607.0,1409.0,1545,1863,584,1342,3736,2779,0
96,593.0,1337.0,527.0,1555.0,392.0,1217.0,649.0,1179.0,449.0,1431.0,601.0,1407.0,1555,1842,584,1339,3140,2297,0
97,591.0,1340.0,528.0,1559.0,391.0,1220.0,651.0,1182.0,449.0,1431.0,607.0,1409.0,1543,1866,583,1342,3730,2778,0
98,593.0,1342.0,528.0,1558.0,391.0,1220.0,652.0,1180.0,449.0,1433.0,606.0,1410.0,1564,1887,585,1343,3499,2598,0
99,591.0,1341.0,529.0,1558.0,388.0,1220.0,651.0,1181.0,449.0,1431.0,608.0,1409.0,1540,1873,582,1342,4003,2982,0
100,590.0,1340.0,530.0,1558.0,387.0,1219.0,651.0,1179.0,449.0,1431.0,609.0,1408.0,1551,1874,582,1341,4105,3049,0
101,585.0,1341.0,525.0,1557.0,384.0,1219.0,649.0,1180.0,445.0,1430.0,604.0,1408.0,1533,1889,578,1342,4028,3024,0
102,592.0,1337.0,530.0,1556.0,390.0,1219.0,649.0,1180.0,451.0,1431.0,608.0,1408.0,1532,1828,583,1339,3757,2746,0
103,590.0,1336.0,528.0,1554.0,388.0,1218.0,649.0,1177.0,449.0,1429.0,605.0,1406.0,1538,1849,582,1338,3600,2632,0
104,586.0,1335.0,523.0,1555.0,386.0,1217.0,648.0,1179.0,444.0,1427.0,602.0,1405.0,1519,1861,578,1338,3767,2812,0
105,587.0,1335.0,526.0,1556.0,385.0,1217.0,648.0,1177.0,445.0,1429.0,603.0,1405.0,1540,1857,579,1338,3768,2780,0
106,585.0,1337.0,522.0,1557.0,386.0,1217.0,645.0,1180.0,443.0,1429.0,601.0,1408.0,1533,1845,578,1339,3627,2701,0
107,591.0,1336.0,529.0,1556.0,388.0,1218.0,649.0,1177.0,449.0,1431.0,606.0,1407.0,1551,1843,583,1338,3654,2670,0
108,589.0,1336.0,527.0,1558.0,387.0,1218.0,648.0,1179.0,446.0,1430.0,605.0,1408.0,1540,1841,580,1339,3863,2858,0
109,587.0,1335.0,522.0,1557.0,386.0,1216.0,648.0,1178.0,443.0,1428.0,601.0,1406.0,1544,1866,579,1339,3640,2725,0
110,589.0,1334.0,524.0,1556.0,385.0,1214.0,650.0,1174.0,445.0,1430.0,601.0,1405.0,1574,1874,581,1337,3549,2634,0
111,589.0,1335.0,524.0,1559.0,385.0,1214.0,648.0,1176.0,444.0,1430.0,603.0,1407.0,1577,1858,581,1338,3749,2798,0
112,592.0,1335.0,527.0,1557.0,387.0,1214.0,647.0,1173.0,448.0,1432.0,601.0,1406.0,1603,1842,584,1337,3159,2297,0
113,591.0,1334.0,528.0,1557.0,387.0,1212.0,648.0,1171.0,446.0,1430.0,601.0,1403.0,1619,1860,585,1336,3176,2316,0
114,593.0,1336.0,525.0,1558.0,389.0,1216.0,649.0,1175.0,446.0,1433.0,602.0,1406.0,1595,1872,584,1339,3155,2315,0
115,596.0,1333.0,533.0,1556.0,391.0,1215.0,652.0,1175.0,451.0,1430.0,608.0,1405.0,1574,1835,587,1336,3650,2662,0
116,596.0,1335.0,535.0,1556.0,391.0,1218.0,653.0,1178.0,454.0,1430.0,611.0,1407.0,1544,1826,586,1337,4035,2944,0
117,600.0,1332.0,537.0,1554.0,394.0,1213.0,654.0,1173.0,455.0,1431.0,610.0,1405.0,1590,1820,591,1334,3539,2558,0
118,601.0,1330.0,534.0,1556.0,397.0,1212.0,654.0,1175.0,457.0,1429.0,610.0,1405.0,1588,1805,592,1334,3403,2483,0
119,602.0,1330.0,534.0,1556.0,400.0,1210.0,658.0,1175.0,456.0,1428.0,609.0,1404.0,1599,1833,593,1334,3363,2495,0
120,603.0,1331.0,535.0,1555.0,401.0,1211.0,659.0,1175.0,458.0,1430.0,609.0,1406.0,1597,1829,595,1335,3302,2441,0
121,605.0,1333.0,543.0,1554.0,400.0,1215.0,661.0,1177.0,461.0,1429.0,617.0,1406.0,1562,1822,595,1335,4065,2973,0
122,605.0,1333.0,539.0,1557.0,403.0,1214.0,662.0,1179.0,461.0,1429.0,615.0,1407.0,1575,1830,596,1337,3769,2800,0
123,604.0,1338.0,540.0,1557.0,402.0,1220.0,664.0,1182.0,463.0,1431.0,620.0,1408.0,1543,1867,595,1341,4176,3115,0
124,606.0,1342.0,548.0,1556.0,400.0,1224.0,665.0,1180.0,467.0,1432.0,627.0,1408.0,1546,1883,596,1342,4709,3452,0
125,606.0,1343.0,546.0,1553.0,400.0,1226.0,665.0,1183.0,466.0,1430.0,624.0,1406.0,1506,1897,594,1344,4473,3291,0
126,611.0,1339.0,550.0,1554.0,404.0,1224.0,669.0,1183.0,470.0,1430.0,629.0,1406.0,1507,1869,598,1342,5013,3708,0
127,616.0,1336.0,552.0,1560.0,415.0,1224.0,674.0,1185.0,474.0,1432.0,632.0,1410.0,1539,1843,605,1342,4511,3347,0
128,617.0,1338.0,556.0,1559.0,414.0,1225.0,676.0,1183.0,477.0,1432.0,637.0,1409.0,1545,1865,607,1343,4952,3662,0
129,615.0,1338.0,553.0,1558.0,412.0,1225.0,676.0,1185.0,475.0,1433.0,633.0,1411.0,1517,1860,604,1343,5206,3902,0
130,616.0,1334.0,554.0,1557.0,416.0,1223.0,675.0,1185.0,477.0,1430.0,633.0,1409.0,1515,1820,606,1340,4761,3519,0
131,619.0,1336.0,555.0,1557.0,417.0,1223.0,676.0,1183.0,477.0,1431.0,635.0,1408.0,1546,1852,608,1341,4424,3261,0
132,620.0,1335.0,555.0,1558.0,416.0,1223.0,677.0,1184.0,476.0,1432.0,635.0,1409.0,1536,1846,607,1341,4842,3599,0
133,619.0,1335.0,552.0,1558.0,420.0,1223.0,676.0,1186.0,476.0,1429.0,632.0,1409.0,1534,1841,608,1342,4152,3093,0
134,620.0,1333.0,552.0,1558.0,421.0,1222.0,677.0,1187.0,476.0,1430.0,632.0,1409.0,1524,1828,608,1341,4289,3208,0
135,618.0,1333.0,552.0,1557.0,421.0,1224.0,675.0,1188.0,477.0,1429.0,632.0,1409.0,1502,1812,607,1341,4220,3125,0
136,617.0,1340.0,554.0,1557.0,418.0,1226.0,676.0,1188.0,476.0,1429.0,635.0,1408.0,1511,1871,606,1344,4547,3400,0
137,618.0,1336.0,554.0,1556.0,420.0,1224.0,677.0,1187.0,477.0,1428.0,634.0,1407.0,1510,1850,607,1342,4404,3282,0
138,617.0,1334.0,553.0,1555.0,419.0,1224.0,675.0,1186.0,477.0,1428.0,633.0,1407.0,1503,1830,606,1341,4305,3176,0
139,617.0,1339.0,555.0,1556.0,420.0,1225.0,674.0,1186.0,478.0,1429.0,634.0,1407.0,1533,1851,608,1343,3940,2876,0
140,617.0,1334.0,552.0,1555.0,420.0,1223.0,676.0,1186.0,477.0,1428.0,632.0,1408.0,1508,1833,607,1341,4233,3145,0
141,617.0,1337.0,553.0,1556.0,420.0,1224.0,674.0,1187.0,477.0,1428.0,634.0,1407.0,1518,1842,607,1342,4133,3049,0
142,618.0,1336.0,556.0,1555.0,419.0,1224.0,675.0,1186.0,478.0,1427.0,636.0,1405.0,1511,1841,607,1341,4435,3260,0
143,615.0,1338.0,553.0,1552.0,417.0,1224.0,675.0,1186.0,476.0,1428.0,633.0,1406.0,1494,1862,605,1342,4402,3265,0
144,617.0,1334.0,552.0,1555.0,421.0,1223.0,675.0,1188.0,477.0,1426.0,632.0,1407.0,1497,1823,606,1340,4222,3139,0
145,618.0,1334.0,555.0,1554.0,420.0,1223.0,675.0,1186.0,478.0,1426.0,635.0,1405.0,1502,1827,607,1340,4376,3221,0
146,618.0,1332.0,552.0,1553.0,421.0,1222.0,675.0,1186.0,477.0,1425.0,632.0,1406.0,1496,1819,606,1339,4158,3076,0
147,616.0,1334.0,553.0,1552.0,417.0,1224.0,676.0,1188.0,476.0,1423.0,634.0,1403.0,1456,1846,603,1340,4984,3750,0
148,614.0,1336.0,556.0,1553.0,417.0,1224.0,676.0,1187.0,477.0,1424.0,636.0,1403.0,1473,1853,604,1340,5113,3826,0
149,616.0,1338.0,559.0,1552.0,417.0,1226.0,676.0,1189.0,478.0,1425.0,637.0,1404.0,1454,1844,604,1341,5382,4013,0
150,616.0,1337.0,559.0,1553.0,418.0,1226.0,677.0,1188.0,479.0,1425.0,638.0,1404.0,1464,1847,605,1341,5312,3957,0
151,618.0,1341.0,559.0,1555.0,420.0,1226.0,675.0,1187.0,479.0,1431.0,636.0,1407.0,1523,1852,609,1344,4172,3033,0
152,617.0,1339.0,560.0,1551.0,420.0,1226.0,674.0,1186.0,481.0,1428.0,637.0,1404.0,1498,1838,608,1341,4164,2986,0
153,616.0,1339.0,558.0,1550.0,420.0,1227.0,673.0,1188.0,480.0,1426.0,635.0,1403.0,1475,1838,606,1342,4047,2903,0
154,618.0,1338.0,561.0,1549.0,420.0,1226.0,677.0,1186.0,482.0,1425.0,640.0,1402.0,1471,1854,607,1341,4706,3432,0
155,617.0,1340.0,560.0,1551.0,420.0,1227.0,676.0,1187.0,480.0,1426.0,638.0,1403.0,1484,1865,607,1343,4417,3216,0
156,619.0,1338.0,560.0,1552.0,422.0,1225.0,676.0,1186.0,481.0,1425.0,638.0,1403.0,1506,1848,609,1341,4195,3043,0
157,618.0,1337.0,555.0,1552.0,423.0,1223.0,675.0,1187.0,480.0,1425.0,635.0,1405.0,1505,1837,609,1341,3972,2910,0
158,620.0,1336.0,556.0,1550.0,423.0,1223.0,677.0,1187.0,481.0,1423.0,637.0,1403.0,1487,1845,609,1340,4226,3114,0
159,620.0,1334.0,556.0,1551.0,424.0,1222.0,677.0,1187.0,481.0,1424.0,635.0,1405.0,1492,1820,609,1339,4165,3068,0
160,619.0,1341.0,560.0,1551.0,424.0,1225.0,678.0,1187.0,482.0,1426.0,639.0,1404.0,1507,1871,610,1343,4146,3031,1
161,619.0,1338.0,561.0,1551.0,424.0,1225.0,677.0,1186.0,483.0,1426.0,638.0,1404.0,1504,1840,610,1341,4066,2935,1
162,620.0,1340.0,562.0,1552.0,424.0,1224.0,679.0,1185.0,483.0,1428.0,640.0,1405.0,1527,1863,612,1342,4230,3084,1
163,619.0,1339.0,562.0,1551.0,423.0,1225.0,679.0,1186.0,483.0,1427.0,640.0,1404.0,1500,1858,610,1342,4463,3261,1
164,620.0,1336.0,560.0,1550.0,426.0,1223.0,678.0,1185.0,483.0,1425.0,639.0,1404.0,1507,1837,611,1340,4067,2957,1
165,621.0,1338.0,561.0,1552.0,427.0,1223.0,679.0,1186.0,484.0,1426.0,639.0,1405.0,1524,1843,613,1341,3997,2915,1
166,621.0,1334.0,559.0,1553.0,427.0,1222.0,677.0,1188.0,483.0,1423.0,637.0,1404.0,1504,1807,611,1339,4050,2961,1
167,623.0,1333.0,562.0,1550.0,427.0,1222.0,678.0,1186.0,485.0,1424.0,639.0,1403.0,1498,1802,612,1338,4119,2974,1
168,622.0,1333.0,559.0,1550.0,427.0,1222.0,680.0,1187.0,484.0,1424.0,638.0,1405.0,1484,1814,611,1339,4329,3190,1
169,622.0,1339.0,562.0,1552.0,425.0,1225.0,676.0,1184.0,485.0,1426.0,639.0,1403.0,1541,1845,614,1341,3652,2591,1
170,626.0,1333.0,563.0,1551.0,428.0,1222.0,677.0,1184.0,486.0,1422.0,640.0,1401.0,1529,1808,615,1337,3745,2670,1
171,623.0,1331.0,557.0,1550.0,429.0,1221.0,681.0,1188.0,485.0,1423.0,638.0,1404.0,1479,1811,612,1338,4224,3130,1
172,624.0,1333.0,559.0,1550.0,429.0,1221.0,681.0,1188.0,486.0,1424.0,638.0,1405.0,1490,1809,613,1338,4171,3077,1
173,624.0,1336.0,563.0,1548.0,425.0,1222.0,680.0,1183.0,485.0,1425.0,639.0,1402.0,1519,1846,613,1339,4027,2903,1
174,627.0,1334.0,566.0,1550.0,428.0,1223.0,681.0,1183.0,489.0,1425.0,642.0,1403.0,1526,1819,616,1338,4014,2867,1
175,627.0,1333.0,565.0,1549.0,429.0,1223.0,682.0,1183.0,488.0,1424.0,643.0,1401.0,1516,1834,616,1338,4024,2886,1
176,627.0,1336.0,567.0,1546.0,426.0,1225.0,682.0,1183.0,489.0,1425.0,643.0,1402.0,1496,1841,615,1339,4243,3027,1
177,628.0,1334.0,565.0,1549.0,428.0,1222.0,684.0,1184.0,488.0,1424.0,642.0,1403.0,1511,1837,616,1338,4344,3171,1
178,628.0,1333.0,566.0,1547.0,428.0,1223.0,684.0,1185.0,490.0,1424.0,642.0,1403.0,1484,1817,615,1338,4456,3230,1
179,628.0,1332.0,565.0,1547.0,428.0,1223.0,684.0,1184.0,489.0,1422.0,644.0,1402.0,1482,1827,615,1337,4605,3359,1
180,629.0,1333.0,565.0,1550.0,430.0,1224.0,686.0,1186.0,491.0,1426.0,645.0,1405.0,1490,1825,617,1339,4632,3397,1
181,628.0,1331.0,564.0,1553.0,429.0,1222.0,682.0,1184.0,489.0,1426.0,643.0,1405.0,1526,1801,617,1337,4270,3091,1
182,629.0,1331.0,566.0,1551.0,430.0,1222.0,684.0,1184.0,490.0,1425.0,644.0,1404.0,1514,1807,617,1337,4405,3194,1
183,630.0,1331.0,567.0,1553.0,431.0,1222.0,686.0,1183.0,491.0,1427.0,645.0,1406.0,1534,1812,619,1338,4450,3237,1
184,627.0,1333.0,564.0,1552.0,427.0,1222.0,684.0,1184.0,488.0,1427.0,643.0,1406.0,1517,1824,615,1339,4696,3448,1
185,627.0,1332.0,564.0,1552.0,427.0,1223.0,685.0,1184.0,488.0,1425.0,644.0,1404.0,1506,1835,615,1339,4819,3552,1
186,627.0,1332.0,564.0,1551.0,429.0,1224.0,684.0,1185.0,488.0,1424.0,644.0,1403.0,1497,1831,615,1339,4494,3287,1
187,625.0,1333.0,563.0,1552.0,428.0,1223.0,683.0,1186.0,487.0,1426.0,642.0,1405.0,1500,1821,614,1339,4557,3347,1
188,626.0,1332.0,564.0,1551.0,427.0,1224.0,685.0,1185.0,488.0,1425.0,645.0,1403.0,1486,1837,614,1339,4990,3685,1
189,627.0,1332.0,564.0,1551.0,427.0,1224.0,684.0,1185.0,487.0,1424.0,644.0,1403.0,1490,1833,614,1339,4816,3543,1
190,626.0,1333.0,564.0,1552.0,427.0,1223.0,686.0,1183.0,488.0,1427.0,644.0,1406.0,1515,1844,615,1339,4852,3588,1
191,625.0,1332.0,562.0,1551.0,428.0,1224.0,684.0,1185.0,487.0,1425.0,643.0,1404.0,1491,1836,614,1339,4575,3369,1
192,624.0,1332.0,562.0,1552.0,425.0,1223.0,685.0,1183.0,487.0,1428.0,642.0,1407.0,1505,1835,613,1339,4965,3677,1
193,625.0,1332.0,561.0,1552.0,426.0,1223.0,684.0,1184.0,486.0,1425.0,643.0,1404.0,1503,1845,613,1339,4765,3534,1
194,626.0,1334.0,562.0,1556.0,426.0,1223.0,682.0,1184.0,486.0,1429.0,642.0,1407.0,1543,1832,615,1340,4413,3231,1
195,625.0,1332.0,561.0,1553.0,427.0,1223.0,683.0,1185.0,487.0,1426.0,642.0,1405.0,1508,1827,614,1339,4530,3334,1
196,625.0,1333.0,560.0,1558.0,427.0,1222.0,682.0,1185.0,486.0,1429.0,640.0,1408.0,1550,1823,616,1340,4273,3148,1
197,624.0,1333.0,561.0,1554.0,425.0,1222.0,685.0,1184.0,486.0,1426.0,643.0,1406.0,1515,1849,614,1339,5131,3847,1
198,625.0,1332.0,559.0,1555.0,425.0,1223.0,684.0,1185.0,485.0,1426.0,642.0,1406.0,1510,1844,613,1340,4922,3685,1
199,625.0,1333.0,559.0,1555.0,427.0,1222.0,683.0,1186.0,484.0,1426.0,641.0,1406.0,1519,1840,614,1340,4582,3423,1
200,625.0,1334.0,561.0,1555.0,426.0,1223.0,685.0,1185.0,485.0,1427.0,642.0,1407.0,1520,1852,614,1341,4876,3653,0
201,626.0,1334.0,561.0,1558.0,426.0,1222.0,684.0,1184.0,485.0,1428.0,642.0,1407.0,1555,1851,616,1341,4598,3421,0
202,626.0,1334.0,559.0,1558.0,428.0,1222.0,681.0,1185.0,484.0,1427.0,640.0,1407.0,1558,1837,616,1340,4051,2992,0
203,626.0,1334.0,560.0,1558.0,426.0,1221.0,683.0,1185.0,486.0,1430.0,640.0,1409.0,1556,1829,616,1340,4462,3309,0
204,625.0,1334.0,561.0,1558.0,426.0,1222.0,683.0,1185.0,487.0,1430.0,641.0,1409.0,1549,1825,616,1340,4551,3361,0
205,626.0,1333.0,559.0,1558.0,430.0,1220.0,680.0,1188.0,485.0,1426.0,640.0,1408.0,1543,1800,616,1339,4192,3109,0
206,625.0,1334.0,560.0,1556.0,426.0,1222.0,684.0,1184.0,486.0,1429.0,641.0,1408.0,1543,1845,615,1340,4518,3356,0
207,625.0,1333.0,561.0,1554.0,425.0,1223.0,685.0,1184.0,485.0,1427.0,642.0,1406.0,1516,1853,614,1340,4914,3670,0
208,627.0,1333.0,563.0,1554.0,426.0,1224.0,684.0,1184.0,486.0,1427.0,644.0,1405.0,1518,1844,615,1340,4765,3513,0
209,626.0,1334.0,562.0,1556.0,425.0,1223.0,684.0,1183.0,485.0,1429.0,643.0,1407.0,1543,1852,615,1340,4743,3512,0
210,625.0,1335.0,561.0,1557.0,424.0,1224.0,683.0,1185.0,486.0,1430.0,642.0,1408.0,1534,1842,614,1341,4762,3521,0
211,627.0,1334.0,565.0,1553.0,425.0,1225.0,685.0,1183.0,487.0,1427.0,646.0,1404.0,1514,1859,615,1340,5003,3685,0
212,627.0,1335.0,563.0,1557.0,426.0,1224.0,685.0,1184.0,486.0,1429.0,644.0,1407.0,1545,1859,616,1341,4744,3518,0
213,627.0,1334.0,564.0,1555.0,425.0,1225.0,685.0,1185.0,487.0,1427.0,646.0,1405.0,1509,1851,614,1341,5259,3906,0
214,626.0,1336.0,562.0,1558.0,428.0,1224.0,683.0,1186.0,487.0,1429.0,643.0,1408.0,1548,1841,616,1342,4371,3222,0
215,626.0,1336.0,560.0,1561.0,426.0,1222.0,683.0,1186.0,486.0,1433.0,640.0,1412.0,1571,1830,616,1342,4467,3318,0
216,626.0,1335.0,562.0,1558.0,427.0,1223.0,684.0,1186.0,487.0,1429.0,643.0,1408.0,1542,1838,616,1341,4681,3474,0
217,627.0,1334.0,562.0,1556.0,428.0,1223.0,684.0,1186.0,486.0,1427.0,643.0,1406.0,1529,1841,616,1341,4572,3392,0
218,628.0,1334.0,564.0,1556.0,427.0,1224.0,686.0,1184.0,487.0,1427.0,646.0,1405.0,1534,1861,616,1341,4882,3626,0
219,628.0,1335.0,564.0,1555.0,427.0,1224.0,687.0,1184.0,486.0,1427.0,647.0,1405.0,1528,1878,616,1341,5096,3820,0
220,627.0,1335.0,563.0,1557.0,429.0,1224.0,685.0,1186.0,487.0,1429.0,644.0,1407.0,1538,1848,617,1342,4514,3342,0
221,628.0,1334.0,564.0,1556.0,428.0,1224.0,687.0,1185.0,488.0,1427.0,646.0,1406.0,1527,1856,617,1341,4982,3718,0
222,629.0,1337.0,568.0,1557.0,428.0,1224.0,683.0,1184.0,488.0,1429.0,646.0,1406.0,1564,1841,619,1341,4426,3209,0
223,627.0,1340.0,565.0,1557.0,427.0,1225.0,682.0,1184.0,486.0,1429.0,642.0,1406.0,1576,1870,618,1343,3954,2868,0
224,630.0,1334.0,567.0,1556.0,429.0,1224.0,687.0,1184.0,489.0,1426.0,649.0,1405.0,1536,1853,618,1340,5070,3755,0
225,630.0,1333.0,567.0,1556.0,429.0,1224.0,687.0,1184.0,489.0,1427.0,647.0,1405.0,1536,1845,618,1340,4857,3578,0
226,630.0,1336.0,567.0,1557.0,428.0,1226.0,689.0,1185.0,490.0,1430.0,648.0,1408.0,1533,1864,618,1343,5206,3875,0
227,631.0,1335.0,567.0,1556.0,429.0,1224.0,687.0,1185.0,491.0,1429.0,647.0,1408.0,1539,1835,619,1341,4884,3596,0
228,631.0,1335.0,567.0,1558.0,428.0,1223.0,687.0,1183.0,490.0,1431.0,646.0,1409.0,1570,1841,620,1341,4749,3488,0
229,630.0,1336.0,564.0,1558.0,428.0,1222.0,689.0,1184.0,488.0,1431.0,643.0,1410.0,1569,1865,619,1342,4732,3548,0
230,630.0,1338.0,565.0,1559.0,429.0,1225.0,688.0,1187.0,489.0,1431.0,645.0,1411.0,1549,1857,619,1344,4852,3629,0
231,630.0,1339.0,564.0,1559.0,428.0,1223.0,691.0,1187.0,488.0,1431.0,645.0,1411.0,1554,1886,618,1344,5339,4086,0
232,631.0,1337.0,567.0,1559.0,430.0,1224.0,690.0,1186.0,491.0,1430.0,648.0,1410.0,1554,1859,620,1343,5189,3891,0
233,632.0,1340.0,570.0,1557.0,427.0,1225.0,693.0,1184.0,491.0,1432.0,650.0,1409.0,1556,1904,620,1344,5772,4364,0
234,634.0,1337.0,573.0,1558.0,430.0,1224.0,693.0,1183.0,493.0,1431.0,651.0,1408.0,1572,1874,623,1342,5431,4034,0
235,635.0,1337.0,573.0,1557.0,431.0,1224.0,693.0,1183.0,494.0,1431.0,651.0,1408.0,1571,1870,624,1342,5180,3832,0
236,636.0,1337.0,573.0,1558.0,432.0,1225.0,693.0,1184.0,495.0,1433.0,652.0,1410.0,1568,1858,624,1343,5210,3845,0
237,633.0,1339.0,569.0,1561.0,430.0,1224.0,695.0,1186.0,492.0,1433.0,651.0,1411.0,1569,1896,622,1345,5943,4542,0
238,632.0,1340.0,568.0,1560.0,430.0,1225.0,693.0,1186.0,490.0,1433.0,648.0,1411.0,1570,1898,621,1345,5206,3946,0
239,632.0,1338.0,569.0,1561.0,430.0,1225.0,693.0,1186.0,491.0,1432.0,648.0,1410.0,1567,1882,621,1344,5299,3996,0
240,635.0,1334.0,569.0,1560.0,435.0,1222.0,692.0,1184.0,494.0,1429.0,649.0,1408.0,1589,1852,625,1341,4500,3339,0
241,636.0,1335.0,571.0,1561.0,435.0,1225.0,693.0,1186.0,496.0,1434.0,651.0,1412.0,1571,1835,625,1343,4907,3624,0
242,639.0,1338.0,574.0,1561.0,436.0,1226.0,694.0,1185.0,499.0,1436.0,652.0,1413.0,1596,1845,628,1344,4540,3316,0
243,636.0,1337.0,572.0,1561.0,434.0,1225.0,694.0,1186.0,495.0,1433.0,651.0,1412.0,1574,1853,625,1343,5160,3842,0
244,636.0,1339.0,572.0,1560.0,433.0,1226.0,695.0,1186.0,494.0,1433.0,652.0,1411.0,1568,1883,624,1345,5329,4002,0
245,639.0,1337.0,577.0,1558.0,437.0,1225.0,694.0,1185.0,499.0,1431.0,655.0,1409.0,1574,1841,628,1342,4905,3581,0
246,640.0,1338.0,574.0,1559.0,437.0,1225.0,694.0,1184.0,498.0,1435.0,650.0,1412.0,1602,1851,629,1344,4197,3061,0
247,638.0,1337.0,575.0,1559.0,435.0,1225.0,695.0,1185.0,496.0,1432.0,653.0,1410.0,1573,1858,626,1343,5171,3830,0
248,639.0,1337.0,576.0,1558.0,437.0,1225.0,694.0,1185.0,498.0,1432.0,653.0,1410.0,1576,1842,628,1342,4717,3449,0
249,636.0,1336.0,572.0,1558.0,434.0,1224.0,694.0,1184.0,495.0,1433.0,649.0,1411.0,1575,1853,625,1342,4777,3533,0
250,634.0,1335.0,569.0,1561.0,435.0,1223.0,691.0,1187.0,494.0,1431.0,649.0,1411.0,1570,1829,624,1342,4800,3567,0
251,632.0,1337.0,568.0,1559.0,431.0,1223.0,691.0,1186.0,492.0,1432.0,647.0,1411.0,1563,1851,622,1343,5033,3763,0
252,634.0,1337.0,572.0,1558.0,430.0,1223.0,692.0,1182.0,493.0,1432.0,649.0,1409.0,1588,1867,623,1342,4977,3672,0
253,634.0,1339.0,573.0,1556.0,429.0,1224.0,692.0,1183.0,492.0,1431.0,651.0,1408.0,1566,1882,622,1343,5446,4048,0
254,632.0,1338.0,567.0,1559.0,429.0,1224.0,691.0,1186.0,491.0,1431.0,648.0,1410.0,1557,1872,620,1343,5299,3992,0
255,629.0,1334.0,564.0,1557.0,429.0,1222.0,688.0,1184.0,488.0,1429.0,643.0,1407.0,1558,1857,619,1341,4532,3374,0
256,629.0,1337.0,564.0,1558.0,427.0,1223.0,689.0,1186.0,489.0,1431.0,645.0,1410.0,1546,1863,618,1343,5249,3959,0
257,632.0,1336.0,570.0,1557.0,429.0,1224.0,688.0,1183.0,492.0,1431.0,649.0,1408.0,1565,1846,621,1341,4890,3574,0
258,630.0,1336.0,567.0,1556.0,429.0,1226.0,688.0,1185.0,490.0,1430.0,647.0,1407.0,1535,1860,619,1342,4764,3512,0
259,630.0,1334.0,567.0,1558.0,430.0,1224.0,685.0,1185.0,489.0,1429.0,646.0,1407.0,1552,1827,619,1340,4535,3312,0
260,628.0,1337.0,565.0,1558.0,428.0,1225.0,683.0,1185.0,487.0,1429.0,643.0,1406.0,1562,1851,618,1342,4134,3009,0
261,629.0,1335.0,564.0,1559.0,429.0,1223.0,682.0,1186.0,486.0,1428.0,643.0,1408.0,1559,1822,618,1341,4319,3168,0
262,627.0,1335.0,563.0,1560.0,427.0,1223.0,684.0,1185.0,486.0,1430.0,643.0,1409.0,1563,1839,617,1341,4634,3430,0
263,626.0,1336.0,562.0,1559.0,427.0,1223.0,680.0,1186.0,485.0,1428.0,641.0,1408.0,1559,1824,616,1341,4215,3088,0
264,625.0,1335.0,561.0,1559.0,425.0,1222.0,683.0,1185.0,485.0,1431.0,640.0,1411.0,1555,1828,615,1341,4701,3489,0
265,622.0,1334.0,558.0,1558.0,425.0,1223.0,681.0,1185.0,483.0,1429.0,638.0,1408.0,1544,1839,613,1341,4268,3159,0
266,622.0,1333.0,557.0,1557.0,424.0,1222.0,680.0,1185.0,481.0,1429.0,637.0,1408.0,1535,1831,612,1340,4370,3242,0
267,622.0,1334.0,556.0,1558.0,424.0,1221.0,679.0,1186.0,481.0,1428.0,637.0,1408.0,1543,1829,612,1340,4349,3239,0
268,621.0,1333.0,556.0,1559.0,424.0,1220.0,678.0,1185.0,480.0,1428.0,636.0,1409.0,1554,1817,612,1339,4299,3195,0
269,619.0,1332.0,555.0,1556.0,422.0,1221.0,677.0,1185.0,480.0,1428.0,634.0,1408.0,1526,1810,609,1339,4291,3168,0
270,619.0,1331.0,553.0,1555.0,421.0,1222.0,680.0,1185.0,479.0,1427.0,635.0,1408.0,1501,1834,608,1340,4775,3596,0
271,618.0,1332.0,552.0,1555.0,422.0,1220.0,678.0,1185.0,478.0,1425.0,633.0,1407.0,1519,1833,608,1339,4326,3250,0
272,618.0,1332.0,551.0,1555.0,421.0,1220.0,678.0,1187.0,478.0,1426.0,632.0,1408.0,1503,1823,607,1339,4552,3439,0
273,618.0,1331.0,553.0,1553.0,421.0,1221.0,677.0,1185.0,478.0,1424.0,634.0,1405.0,1497,1826,607,1338,4456,3320,0
274,616.0,1332.0,552.0,1554.0,421.0,1221.0,677.0,1185.0,477.0,1425.0,633.0,1406.0,1505,1835,607,1339,4376,3274,0
275,614.0,1331.0,551.0,1552.0,418.0,1222.0,674.0,1184.0,477.0,1425.0,631.0,1404.0,1492,1825,604,1338,4169,3063,0
276,615.0,1333.0,551.0,1554.0,417.0,1220.0,676.0,1183.0,476.0,1427.0,631.0,1406.0,1523,1846,606,1339,4354,3248,0
277,612.0,1330.0,548.0,1552.0,419.0,1221.0,670.0,1185.0,475.0,1425.0,627.0,1406.0,1492,1793,603,1337,3789,2769,0
278,612.0,1330.0,547.0,1551.0,417.0,1219.0,673.0,1185.0,474.0,1423.0,628.0,1405.0,1480,1816,602,1337,4355,3262,0
279,612.0,1329.0,548.0,1550.0,418.0,1219.0,672.0,1184.0,474.0,1421.0,628.0,1403.0,1482,1812,602,1336,4114,3049,0
280,610.0,1328.0,546.0,1549.0,415.0,1220.0,670.0,1183.0,473.0,1422.0,626.0,1403.0,1471,1806,600,1336,4063,2986,0
281,612.0,1327.0,547.0,1546.0,414.0,1217.0,666.0,1179.0,473.0,1421.0,624.0,1400.0,1502,1791,601,1333,3533,2528,0
282,605.0,1326.0,541.0,1543.0,410.0,1219.0,661.0,1182.0,469.0,1419.0,618.0,1400.0,1443,1771,594,1332,3537,2522,0
283,604.0,1327.0,539.0,1543.0,409.0,1218.0,660.0,1184.0,469.0,1419.0,617.0,1401.0,1434,1763,593,1333,3632,2614,0
284,604.0,1326.0,540.0,1543.0,410.0,1217.0,659.0,1182.0,469.0,1418.0,617.0,1399.0,1453,1762,594,1331,3400,2421,0
285,604.0,1325.0,540.0,1543.0,411.0,1216.0,659.0,1181.0,468.0,1418.0,616.0,1399.0,1462,1760,594,1331,3298,2350,0
286,603.0,1327.0,541.0,1542.0,409.0,1218.0,659.0,1183.0,469.0,1418.0,617.0,1399.0,1436,1761,593,1332,3532,2511,0
287,600.0,1327.0,534.0,1539.0,407.0,1217.0,657.0,1184.0,465.0,1415.0,612.0,1398.0,1413,1777,589,1332,3389,2432,0
288,603.0,1324.0,537.0,1542.0,409.0,1216.0,657.0,1182.0,467.0,1417.0,615.0,1398.0,1443,1753,592,1330,3336,2376,0
289,601.0,1321.0,536.0,1540.0,410.0,1213.0,658.0,1179.0,465.0,1415.0,612.0,1396.0,1452,1761,592,1328,3188,2277,0
290,601.0,1323.0,536.0,1538.0,408.0,1215.0,656.0,1181.0,465.0,1414.0,612.0,1396.0,1426,1755,590,1329,3265,2314,0
291,601.0,1323.0,535.0,1541.0,409.0,1215.0,656.0,1183.0,465.0,1415.0,613.0,1398.0,1428,1745,590,1329,3369,2419,0
292,600.0,1320.0,534.0,1538.0,408.0,1211.0,656.0,1178.0,462.0,1415.0,609.0,1396.0,1449,1753,590,1327,3161,2262,0
293,600.0,1321.0,533.0,1542.0,408.0,1212.0,656.0,1179.0,462.0,1416.0,610.0,1397.0,1464,1761,590,1328,3173,2287,0
294,599.0,1320.0,531.0,1540.0,408.0,1211.0,657.0,1178.0,460.0,1414.0,609.0,1395.0,1457,1780,589,1328,3155,2284,0
295,599.0,1321.0,533.0,1541.0,407.0,1213.0,655.0,1181.0,462.0,1416.0,610.0,1398.0,1437,1744,589,1328,3341,2409,0
296,598.0,1321.0,532.0,1540.0,407.0,1214.0,655.0,1181.0,461.0,1416.0,608.0,1398.0,1429,1750,588,1329,3234,2323,0
297,599.0,1319.0,531.0,1542.0,407.0,1210.0,657.0,1177.0,459.0,1415.0,608.0,1396.0,1472,1776,590,1328,3194,2327,0
298,599.0,1321.0,532.0,1541.0,407.0,1213.0,656.0,1182.0,461.0,1416.0,609.0,1398.0,1430,1751,588,1329,3389,2461,0
299,600.0,1322.0,532.0,1540.0,408.0,1212.0,656.0,1180.0,462.0,1415.0,608.0,1397.0,1452,1764,590,1329,3106,2239,0
300,601.0,1323.0,535.0,1542.0,407.0,1212.0,657.0,1178.0,462.0,1418.0,610.0,1399.0,1476,1767,591,1329,3238,2337,0
301,602.0,1323.0,536.0,1543.0,408.0,1212.0,658.0,1178.0,462.0,1418.0,611.0,1399.0,1483,1771,592,1329,3265,2363,0
302,600.0,1330.0,533.0,1543.0,405.0,1218.0,657.0,1184.0,463.0,1420.0,612.0,1401.0,1439,1797,589,1335,3426,2481,0
303,603.0,1325.0,539.0,1543.0,408.0,1218.0,660.0,1182.0,466.0,1419.0,616.0,1400.0,1436,1769,592,1332,3652,2626,0
304,604.0,1326.0,538.0,1544.0,410.0,1218.0,660.0,1183.0,467.0,1419.0,615.0,1400.0,1448,1774,593,1333,3373,2422,0
305,603.0,1325.0,539.0,1544.0,409.0,1219.0,659.0,1184.0,467.0,1418.0,617.0,1399.0,1427,1761,592,1332,3618,2592,0
306,605.0,1327.0,539.0,1546.0,410.0,1217.0,659.0,1182.0,467.0,1422.0,615.0,1402.0,1477,1767,595,1333,3283,2353,0
307,605.0,1324.0,540.0,1545.0,409.0,1217.0,661.0,1181.0,468.0,1420.0,617.0,1401.0,1458,1761,594,1331,3622,2606,0
308,606.0,1326.0,542.0,1544.0,411.0,1219.0,660.0,1182.0,469.0,1419.0,620.0,1400.0,1451,1764,595,1332,3529,2509,0
309,605.0,1323.0,540.0,1544.0,410.0,1215.0,661.0,1183.0,467.0,1418.0,617.0,1401.0,1440,1743,593,1330,3862,2811,0
310,605.0,1324.0,543.0,1544.0,409.0,1217.0,661.0,1181.0,469.0,1418.0,619.0,1399.0,1449,1755,594,1330,3778,2703,0
311,605.0,1324.0,542.0,1544.0,409.0,1217.0,662.0,1182.0,469.0,1419.0,619.0,1400.0,1440,1756,594,1331,3915,2824,0
312,605.0,1326.0,541.0,1545.0,410.0,1218.0,660.0,1182.0,469.0,1421.0,618.0,1402.0,1458,1756,595,1332,3540,2532,0
313,607.0,1325.0,544.0,1544.0,410.0,1219.0,661.0,1181.0,470.0,1420.0,621.0,1399.0,1452,1762,595,1332,3646,2581,0
314,606.0,1325.0,544.0,1545.0,409.0,1218.0,662.0,1181.0,470.0,1421.0,620.0,1401.0,1455,1757,595,1331,3838,2744,0
315,609.0,1329.0,547.0,1547.0,411.0,1219.0,665.0,1181.0,471.0,1424.0,624.0,1404.0,1479,1781,598,1334,3984,2871,0
316,607.0,1329.0,545.0,1547.0,408.0,1219.0,665.0,1183.0,470.0,1422.0,623.0,1402.0,1454,1789,595,1334,4352,3176,0
317,607.0,1329.0,545.0,1547.0,410.0,1219.0,666.0,1183.0,470.0,1421.0,623.0,1402.0,1457,1796,596,1334,4216,3087,0
318,608.0,1327.0,545.0,1545.0,411.0,1218.0,664.0,1181.0,470.0,1422.0,622.0,1401.0,1467,1780,597,1333,3798,2729,0
319,613.0,1330.0,549.0,1548.0,416.0,1218.0,666.0,1178.0,473.0,1425.0,624.0,1402.0,1537,1803,604,1335,3243,2300,0
320,608.0,1326.0,544.0,1546.0,411.0,1218.0,660.0,1180.0,470.0,1422.0,620.0,1401.0,1485,1758,597,1332,3390,2395,0
321,607.0,1325.0,544.0,1545.0,413.0,1218.0,659.0,1181.0,470.0,1420.0,620.0,1400.0,1472,1746,597,1331,3311,2332,0
322,604.0,1326.0,540.0,1543.0,409.0,1219.0,660.0,1184.0,468.0,1419.0,617.0,1401.0,1425,1757,592,1332,3700,2656,0
323,603.0,1328.0,539.0,1543.0,408.0,1220.0,659.0,1185.0,467.0,1420.0,616.0,1401.0,1422,1768,591,1334,3621,2594,0
324,603.0,1327.0,538.0,1543.0,409.0,1221.0,659.0,1185.0,467.0,1420.0,615.0,1401.0,1419,1767,591,1334,3457,2463,0
325,603.0,1328.0,539.0,1543.0,407.0,1222.0,659.0,1186.0,467.0,1420.0,616.0,1401.0,1405,1767,590,1334,3715,2656,0
326,602.0,1328.0,540.0,1542.0,408.0,1221.0,658.0,1186.0,468.0,1420.0,616.0,1401.0,1406,1753,590,1333,3641,2587,0
327,603.0,1328.0,538.0,1543.0,409.0,1220.0,658.0,1187.0,467.0,1418.0,615.0,1401.0,1413,1757,591,1334,3558,2554,0
328,602.0,1328.0,540.0,1544.0,408.0,1222.0,657.0,1187.0,468.0,1421.0,616.0,1402.0,1409,1743,590,1334,3624,2569,0
329,603.0,1330.0,537.0,1543.0,408.0,1223.0,658.0,1189.0,467.0,1420.0,615.0,1402.0,1395,1767,589,1336,3586,2567,0
330,603.0,1333.0,540.0,1543.0,405.0,1224.0,660.0,1184.0,466.0,1422.0,618.0,1401.0,1425,1818,590,1337,3694,2632,0
331,603.0,1330.0,539.0,1545.0,408.0,1222.0,660.0,1185.0,467.0,1422.0,616.0,1402.0,1435,1788,592,1336,3521,2519,0
332,606.0,1329.0,540.0,1547.0,409.0,1220.0,662.0,1185.0,467.0,1423.0,617.0,1404.0,1450,1780,594,1335,3722,2705,0
333,605.0,1331.0,542.0,1546.0,407.0,1223.0,662.0,1185.0,468.0,1424.0,619.0,1403.0,1434,1793,593,1337,3869,2783,0
334,607.0,1329.0,543.0,1548.0,409.0,1220.0,662.0,1186.0,470.0,1424.0,620.0,1405.0,1446,1755,595,1335,4019,2909,0
335,607.0,1331.0,540.0,1548.0,409.0,1222.0,662.0,1186.0,468.0,1425.0,617.0,1405.0,1453,1787,594,1337,3596,2600,0
336,607.0,1332.0,547.0,1547.0,405.0,1223.0,664.0,1183.0,469.0,1423.0,625.0,1401.0,1444,1813,594,1336,4534,3283,0
337,607.0,1332.0,543.0,1549.0,410.0,1223.0,661.0,1184.0,470.0,1426.0,619.0,1405.0,1477,1785,596,1337,3409,2422,0
338,606.0,1332.0,542.0,1548.0,409.0,1223.0,662.0,1184.0,468.0,1425.0,618.0,1404.0,1467,1802,595,1338,3500,2504,0
339,606.0,1331.0,541.0,1547.0,411.0,1221.0,662.0,1185.0,468.0,1424.0,618.0,1404.0,1460,1790,595,1337,3501,2523,0
340,605.0,1335.0,540.0,1547.0,407.0,1224.0,661.0,1186.0,467.0,1425.0,618.0,1404.0,1450,1817,593,1339,3597,2586,0
341,608.0,1337.0,542.0,1548.0,408.0,1223.0,665.0,1185.0,467.0,1425.0,621.0,1404.0,1472,1853,595,1340,3792,2773,0
342,608.0,1338.0,539.0,1550.0,409.0,1221.0,666.0,1186.0,466.0,1427.0,617.0,1407.0,1493,1857,596,1342,3600,2672,0
343,606.0,1337.0,541.0,1550.0,406.0,1224.0,664.0,1186.0,466.0,1427.0,619.0,1406.0,1467,1843,594,1341,3892,2854,0
344,608.0,1338.0,541.0,1553.0,408.0,1224.0,664.0,1186.0,467.0,1429.0,620.0,1408.0,1497,1841,596,1342,3692,2705,0
345,607.0,1341.0,541.0,1552.0,405.0,1224.0,666.0,1185.0,466.0,1428.0,620.0,1407.0,1500,1885,595,1343,3901,2892,0
346,607.0,1339.0,540.0,1554.0,407.0,1224.0,664.0,1185.0,466.0,1432.0,619.0,1410.0,1512,1850,596,1343,3646,2676,0
347,607.0,1340.0,543.0,1553.0,405.0,1223.0,667.0,1183.0,467.0,1429.0,622.0,1407.0,1517,1883,596,1343,4046,2998,0
348,605.0,1336.0,536.0,1550.0,408.0,1224.0,663.0,1191.0,466.0,1427.0,615.0,1409.0,1435,1812,592,1342,3786,2812,0
349,603.0,1339.0,539.0,1549.0,402.0,1224.0,663.0,1187.0,464.0,1428.0,618.0,1407.0,1447,1852,590,1342,4273,3178,0
350,604.0,1340.0,538.0,1551.0,404.0,1225.0,663.0,1187.0,464.0,1429.0,618.0,1408.0,1468,1862,592,1343,3910,2893,0
351,606.0,1339.0,538.0,1554.0,406.0,1223.0,663.0,1187.0,465.0,1431.0,616.0,1410.0,1501,1841,594,1343,3651,2698,0
352,605.0,1340.0,541.0,1551.0,403.0,1224.0,665.0,1185.0,466.0,1428.0,622.0,1406.0,1479,1877,593,1343,4274,3176,0
353,604.0,1340.0,541.0,1550.0,403.0,1224.0,665.0,1186.0,467.0,1428.0,621.0,1407.0,1464,1864,592,1342,4356,3242,0
354,603.0,1342.0,540.0,1552.0,401.0,1225.0,664.0,1186.0,465.0,1428.0,620.0,1407.0,1477,1884,592,1344,4293,3202,0
355,604.0,1342.0,542.0,1551.0,401.0,1225.0,665.0,1186.0,466.0,1427.0,623.0,1406.0,1465,1888,592,1343,4675,3506,0
356,605.0,1343.0,544.0,1553.0,400.0,1224.0,667.0,1183.0,465.0,1431.0,624.0,1407.0,1506,1912,594,1344,4747,3564,0
357,604.0,1344.0,541.0,1551.0,400.0,1225.0,666.0,1184.0,464.0,1428.0,622.0,1406.0,1489,1926,592,1345,4426,3326,0
358,603.0,1342.0,537.0,1553.0,401.0,1225.0,664.0,1187.0,463.0,1431.0,618.0,1410.0,1477,1882,591,1345,4245,3193,0
359,603.0,1342.0,537.0,1555.0,400.0,1222.0,665.0,1183.0,460.0,1431.0,618.0,1409.0,1526,1914,592,1344,4188,3172,0
360,608.0,1339.0,541.0,1555.0,405.0,1221.0,664.0,1184.0,465.0,1430.0,618.0,1408.0,1534,1855,596,1342,3741,2763,0
361,603.0,1341.0,539.0,1553.0,401.0,1225.0,663.0,1185.0,464.0,1430.0,618.0,1408.0,1492,1875,592,1344,4009,2962,0
362,607.0,1337.0,539.0,1554.0,406.0,1222.0,664.0,1187.0,466.0,1428.0,618.0,1408.0,1493,1835,595,1341,3902,2900,0
363,606.0,1343.0,543.0,1554.0,402.0,1226.0,663.0,1183.0,462.0,1430.0,621.0,1407.0,1522,1899,594,1344,3923,2874,0
364,613.0,1343.0,551.0,1554.0,403.0,1224.0,670.0,1179.0,468.0,1433.0,629.0,1407.0,1559,1919,600,1344,4547,3347,0
365,614.0,1348.0,551.0,1554.0,403.0,1226.0,671.0,1181.0,468.0,1433.0,630.0,1407.0,1559,1960,600,1347,4497,3336,0
366,613.0,1347.0,553.0,1554.0,401.0,1229.0,668.0,1179.0,468.0,1434.0,632.0,1406.0,1557,1948,600,1346,4488,3251,0
367,614.0,1345.0,553.0,1552.0,404.0,1227.0,670.0,1179.0,470.0,1432.0,632.0,1405.0,1548,1938,601,1345,4383,3184,0
368,608.0,1347.0,549.0,1553.0,400.0,1230.0,670.0,1184.0,467.0,1434.0,630.0,1409.0,1484,1945,595,1348,5437,4107,0
369,610.0,1345.0,552.0,1553.0,401.0,1228.0,670.0,1182.0,469.0,1433.0,633.0,1406.0,1505,1934,597,1346,5450,4064,0
370,610.0,1343.0,550.0,1552.0,401.0,1225.0,669.0,1181.0,466.0,1431.0,628.0,1406.0,1515,1919,596,1344,4982,3709,0
371,609.0,1341.0,546.0,1551.0,404.0,1224.0,666.0,1181.0,468.0,1428.0,625.0,1404.0,1523,1895,597,1342,3994,2907,0
372,608.0,1341.0,547.0,1552.0,404.0,1224.0,665.0,1181.0,468.0,1427.0,625.0,1404.0,1528,1886,597,1342,4007,2908,0
373,607.0,1342.0,548.0,1553.0,402.0,1225.0,665.0,1180.0,468.0,1429.0,627.0,1404.0,1535,1899,597,1342,4216,3057,0
374,611.0,1339.0,545.0,1554.0,406.0,1221.0,666.0,1180.0,466.0,1432.0,621.0,1408.0,1561,1868,599,1341,3698,2701,0
375,610.0,1337.0,545.0,1552.0,405.0,1222.0,666.0,1181.0,467.0,1429.0,623.0,1406.0,1522,1859,597,1340,4037,2953,0
376,613.0,1337.0,549.0,1555.0,405.0,1222.0,667.0,1178.0,469.0,1431.0,627.0,1407.0,1563,1859,601,1340,4150,3010,0
377,610.0,1339.0,549.0,1551.0,402.0,1222.0,667.0,1177.0,466.0,1428.0,627.0,1403.0,1543,1902,598,1340,4376,3196,0
378,612.0,1337.0,547.0,1551.0,406.0,1221.0,666.0,1180.0,469.0,1428.0,624.0,1405.0,1533,1852,599,1339,3915,2840,0
379,607.0,1341.0,547.0,1552.0,403.0,1224.0,662.0,1180.0,467.0,1427.0,624.0,1403.0,1538,1876,597,1341,3784,2707,0
380,608.0,1338.0,544.0,1552.0,404.0,1221.0,665.0,1181.0,465.0,1428.0,622.0,1406.0,1525,1866,596,1340,4088,3010,0
381,609.0,1339.0,545.0,1551.0,404.0,1222.0,665.0,1182.0,468.0,1427.0,623.0,1405.0,1515,1863,597,1340,4061,2970,0
382,604.0,1341.0,543.0,1551.0,399.0,1225.0,663.0,1183.0,464.0,1427.0,622.0,1404.0,1486,1891,592,1342,4399,3240,0
383,606.0,1342.0,546.0,1550.0,400.0,1224.0,666.0,1179.0,464.0,1429.0,625.0,1404.0,1518,1924,594,1343,4409,3246,0
384,607.0,1342.0,541.0,1556.0,404.0,1224.0,667.0,1183.0,465.0,1430.0,622.0,1407.0,1539,1915,597,1345,3937,2932,0
385,607.0,1340.0,541.0,1556.0,405.0,1222.0,666.0,1182.0,464.0,1430.0,621.0,1408.0,1547,1892,597,1343,3882,2890,0
386,604.0,1343.0,542.0,1551.0,400.0,1224.0,667.0,1181.0,464.0,1429.0,621.0,1405.0,1515,1936,594,1344,4164,3096,0
387,606.0,1337.0,542.0,1552.0,404.0,1217.0,667.0,1180.0,462.0,1426.0,620.0,1405.0,1536,1887,596,1339,4232,3189,0
388,605.0,1341.0,542.0,1549.0,402.0,1219.0,666.0,1180.0,463.0,1427.0,620.0,1405.0,1525,1907,594,1341,4115,3073,0
389,604.0,1341.0,539.0,1548.0,402.0,1219.0,664.0,1180.0,461.0,1427.0,616.0,1405.0,1526,1905,593,1341,3699,2738,0
390,602.0,1342.0,540.0,1548.0,399.0,1223.0,663.0,1183.0,464.0,1426.0,619.0,1405.0,1479,1894,591,1342,4222,3131,0
391,601.0,1341.0,540.0,1549.0,400.0,1222.0,661.0,1182.0,463.0,1425.0,619.0,1404.0,1496,1884,591,1341,4006,2945,0
392,606.0,1335.0,547.0,1548.0,402.0,1221.0,663.0,1176.0,469.0,1423.0,626.0,1399.0,1521,1863,596,1336,4046,2891,0
393,604.0,1339.0,541.0,1544.0,402.0,1221.0,664.0,1179.0,465.0,1423.0,619.0,1400.0,1494,1904,593,1340,3685,2666,0
394,604.0,1337.0,538.0,1544.0,403.0,1219.0,664.0,1182.0,463.0,1420.0,617.0,1400.0,1470,1888,592,1339,3833,2838,0
395,605.0,1334.0,540.0,1546.0,406.0,1219.0,663.0,1181.0,464.0,1421.0,618.0,1400.0,1487,1857,594,1337,3622,2640,0
396,606.0,1334.0,540.0,1541.0,407.0,1216.0,663.0,1181.0,464.0,1418.0,616.0,1398.0,1475,1854,594,1335,3506,2551,0
397,602.0,1336.0,536.0,1539.0,403.0,1217.0,662.0,1181.0,462.0,1418.0,613.0,1398.0,1457,1879,590,1337,3510,2558,0
398,602.0,1333.0,540.0,1541.0,402.0,1216.0,663.0,1179.0,462.0,1418.0,617.0,1397.0,1463,1867,590,1335,4005,2951,0
399,602.0,1335.0,533.0,1540.0,403.0,1217.0,661.0,1182.0,462.0,1418.0,612.0,1399.0,1454,1868,589,1337,3453,2526,0
400,600.0,1335.0,537.0,1540.0,401.0,1219.0,661.0,1179.0,463.0,1419.0,616.0,1398.0,1456,1877,589,1337,3681,2663,0
401,603.0,1331.0,540.0,1540.0,405.0,1215.0,662.0,1179.0,463.0,1418.0,616.0,1398.0,1464,1836,592,1333,3733,2722,0
402,601.0,1335.0,535.0,1537.0,403.0,1219.0,659.0,1182.0,463.0,1417.0,614.0,1397.0,1429,1859,588,1336,3438,2458,0
403,600.0,1334.0,539.0,1544.0,401.0,1218.0,661.0,1178.0,463.0,1421.0,618.0,1399.0,1484,1865,591,1336,3855,2806,0
404,599.0,1335.0,531.0,1540.0,403.0,1218.0,658.0,1183.0,462.0,1417.0,609.0,1399.0,1447,1852,588,1337,3213,2317,0
405,600.0,1334.0,530.0,1537.0,404.0,1218.0,658.0,1185.0,461.0,1416.0,608.0,1398.0,1416,1845,587,1336,3210,2309,0
406,598.0,1334.0,530.0,1537.0,401.0,1217.0,659.0,1183.0,459.0,1416.0,609.0,1397.0,1419,1868,585,1336,3465,2531,0
407,597.0,1325.0,530.0,1541.0,406.0,1212.0,655.0,1182.0,459.0,1416.0,605.0,1399.0,1449,1773,587,1330,3168,2313,0
408,599.0,1328.0,529.0,1538.0,407.0,1213.0,654.0,1184.0,460.0,1415.0,605.0,1398.0,1435,1783,587,1332,2998,2164,0
409,599.0,1328.0,530.0,1539.0,407.0,1213.0,655.0,1182.0,460.0,1417.0,605.0,1399.0,1453,1790,589,1332,2963,2136,0
410,601.0,1326.0,530.0,1540.0,408.0,1212.0,659.0,1181.0,460.0,1417.0,606.0,1398.0,1461,1808,590,1332,3054,2229,0
411,599.0,1327.0,530.0,1537.0,406.0,1212.0,654.0,1181.0,459.0,1413.0,606.0,1395.0,1446,1797,588,1330,2989,2142,0
412,597.0,1329.0,525.0,1534.0,404.0,1214.0,650.0,1187.0,458.0,1411.0,602.0,1396.0,1392,1777,583,1331,2977,2127,0
413,595.0,1323.0,525.0,1538.0,404.0,1210.0,648.0,1182.0,456.0,1414.0,601.0,1397.0,1437,1745,584,1328,2906,2095,0
414,592.0,1324.0,526.0,1537.0,400.0,1211.0,648.0,1181.0,454.0,1413.0,602.0,1396.0,1422,1759,581,1328,3182,2295,0
415,589.0,1321.0,522.0,1537.0,398.0,1211.0,646.0,1182.0,453.0,1413.0,599.0,1397.0,1400,1735,578,1327,3235,2342,0
416,591.0,1320.0,522.0,1536.0,400.0,1207.0,646.0,1178.0,451.0,1415.0,595.0,1396.0,1444,1745,581,1326,2821,2033,0
417,589.0,1322.0,520.0,1537.0,399.0,1210.0,644.0,1181.0,450.0,1413.0,595.0,1396.0,1424,1750,578,1328,2848,2048,0
418,591.0,1324.0,523.0,1535.0,397.0,1212.0,646.0,1181.0,452.0,1411.0,599.0,1394.0,1406,1769,578,1328,3086,2204,0
419,588.0,1323.0,518.0,1533.0,395.0,1213.0,640.0,1185.0,450.0,1410.0,595.0,1395.0,1364,1729,574,1327,3021,2145,0
420,587.0,1326.0,518.0,1537.0,394.0,1215.0,644.0,1183.0,447.0,1414.0,596.0,1397.0,1391,1785,574,1331,3118,2246,0
421,587.0,1322.0,520.0,1537.0,391.0,1214.0,641.0,1182.0,449.0,1414.0,596.0,1397.0,1384,1731,573,1328,3279,2341,0
422,585.0,1325.0,517.0,1539.0,390.0,1214.0,643.0,1182.0,445.0,1418.0,596.0,1400.0,1394,1771,572,1331,3441,2517,0
423,587.0,1324.0,519.0,1539.0,391.0,1214.0,643.0,1182.0,446.0,1416.0,599.0,1398.0,1392,1765,573,1330,3522,2567,0
424,583.0,1323.0,514.0,1537.0,388.0,1213.0,639.0,1183.0,443.0,1415.0,592.0,1398.0,1375,1748,569,1329,3319,2412,0
425,580.0,1321.0,512.0,1533.0,386.0,1213.0,634.0,1184.0,442.0,1411.0,589.0,1395.0,1341,1720,565,1326,3205,2285,0
426,579.0,1321.0,511.0,1535.0,388.0,1212.0,634.0,1185.0,442.0,1412.0,588.0,1396.0,1353,1716,566,1327,3098,2225,0
427,579.0,1320.0,512.0,1534.0,386.0,1212.0,633.0,1183.0,441.0,1411.0,589.0,1394.0,1353,1717,565,1326,3156,2248,0
428,580.0,1323.0,512.0,1537.0,387.0,1213.0,635.0,1184.0,441.0,1414.0,590.0,1397.0,1369,1736,567,1328,3185,2297,0
429,580.0,1322.0,511.0,1537.0,387.0,1213.0,634.0,1185.0,441.0,1413.0,589.0,1397.0,1361,1723,566,1328,3164,2282,0
430,578.0,1322.0,511.0,1537.0,384.0,1212.0,635.0,1183.0,439.0,1414.0,589.0,1397.0,1364,1737,565,1328,3402,2477,0
431,578.0,1321.0,510.0,1535.0,383.0,1212.0,635.0,1183.0,439.0,1413.0,588.0,1396.0,1348,1736,564,1327,3427,2491,0
432,577.0,1323.0,508.0,1535.0,382.0,1212.0,632.0,1185.0,438.0,1411.0,586.0,1396.0,1345,1732,562,1327,3307,2403,0
433,578.0,1322.0,510.0,1534.0,383.0,1212.0,631.0,1185.0,439.0,1412.0,586.0,1396.0,1344,1711,563,1326,3219,2309,0
434,578.0,1326.0,509.0,1538.0,384.0,1214.0,635.0,1186.0,438.0,1413.0,589.0,1396.0,1358,1770,564,1331,3326,2433,0
435,578.0,1326.0,510.0,1536.0,383.0,1213.0,634.0,1185.0,438.0,1413.0,589.0,1396.0,1356,1760,564,1330,3363,2450,0
436,579.0,1326.0,511.0,1537.0,384.0,1213.0,636.0,1184.0,439.0,1413.0,590.0,1396.0,1369,1772,565,1330,3356,2451,0
437,580.0,1325.0,512.0,1536.0,383.0,1212.0,635.0,1183.0,440.0,1412.0,591.0,1395.0,1370,1759,565,1328,3406,2475,0
438,578.0,1326.0,511.0,1536.0,382.0,1213.0,636.0,1183.0,439.0,1413.0,590.0,1395.0,1364,1778,564,1330,3433,2502,0
439,577.0,1327.0,509.0,1535.0,383.0,1214.0,635.0,1182.0,438.0,1414.0,588.0,1395.0,1373,1793,564,1331,3088,2212,0
440,579.0,1326.0,512.0,1537.0,383.0,1215.0,637.0,1183.0,440.0,1414.0,591.0,1395.0,1366,1784,565,1331,3365,2433,0
441,578.0,1322.0,511.0,1536.0,384.0,1212.0,633.0,1184.0,439.0,1411.0,589.0,1395.0,1355,1730,564,1327,3339,2416,0
442,579.0,1322.0,511.0,1536.0,384.0,1212.0,634.0,1184.0,439.0,1413.0,588.0,1397.0,1356,1727,564,1327,3356,2437,0
443,577.0,1322.0,509.0,1536.0,385.0,1212.0,632.0,1185.0,439.0,1413.0,586.0,1397.0,1356,1719,564,1327,3137,2265,0
444,576.0,1322.0,507.0,1536.0,385.0,1212.0,632.0,1186.0,438.0,1413.0,585.0,1397.0,1348,1724,563,1328,3137,2277,0
445,575.0,1322.0,507.0,1537.0,385.0,1212.0,634.0,1185.0,436.0,1413.0,585.0,1397.0,1353,1744,563,1329,3223,2363,0
446,577.0,1323.0,510.0,1534.0,382.0,1213.0,634.0,1183.0,439.0,1413.0,588.0,1395.0,1346,1748,563,1328,3345,2409,0
447,575.0,1322.0,507.0,1534.0,379.0,1214.0,633.0,1183.0,436.0,1412.0,586.0,1394.0,1330,1758,560,1328,3420,2473,0
448,576.0,1323.0,508.0,1533.0,382.0,1214.0,631.0,1185.0,437.0,1412.0,587.0,1395.0,1327,1736,561,1328,3282,2352,0
449,575.0,1319.0,507.0,1534.0,384.0,1212.0,630.0,1184.0,437.0,1411.0,584.0,1396.0,1339,1706,562,1326,3102,2225,0
450,575.0,1320.0,507.0,1534.0,385.0,1213.0,630.0,1183.0,437.0,1412.0,584.0,1395.0,1350,1723,562,1327,2903,2055,0
451,574.0,1320.0,505.0,1534.0,385.0,1213.0,629.0,1185.0,436.0,1412.0,583.0,1395.0,1338,1719,561,1327,2908,2067,0
452,572.0,1318.0,503.0,1531.0,379.0,1211.0,627.0,1183.0,434.0,1408.0,581.0,1392.0,1320,1716,557,1324,3103,2212,0
453,570.0,1319.0,499.0,1531.0,380.0,1212.0,624.0,1188.0,431.0,1408.0,577.0,1394.0,1296,1700,554,1326,3001,2151,0
454,570.0,1318.0,502.0,1532.0,381.0,1212.0,624.0,1185.0,433.0,1410.0,578.0,1394.0,1321,1693,557,1325,2862,2021,0
455,570.0,1321.0,504.0,1532.0,378.0,1215.0,626.0,1185.0,433.0,1412.0,581.0,1395.0,1306,1716,556,1327,3166,2239,0
456,569.0,1318.0,499.0,1530.0,380.0,1214.0,622.0,1187.0,431.0,1408.0,576.0,1393.0,1292,1695,554,1325,2815,1966,0
457,566.0,1321.0,495.0,1532.0,380.0,1214.0,621.0,1191.0,429.0,1410.0,573.0,1397.0,1286,1695,552,1328,2838,2030,0
458,567.0,1316.0,500.0,1534.0,380.0,1212.0,622.0,1185.0,432.0,1411.0,577.0,1395.0,1320,1677,555,1324,2878,2040,0
459,564.0,1319.0,495.0,1531.0,376.0,1215.0,619.0,1188.0,428.0,1409.0,573.0,1394.0,1280,1697,550,1326,2860,2005,0
460,563.0,1326.0,495.0,1533.0,376.0,1216.0,620.0,1190.0,427.0,1412.0,575.0,1397.0,1292,1731,550,1331,2946,2099,0
461,565.0,1322.0,496.0,1533.0,377.0,1215.0,621.0,1191.0,428.0,1411.0,575.0,1397.0,1277,1700,550,1328,3089,2223,0
462,562.0,1322.0,492.0,1532.0,377.0,1216.0,617.0,1191.0,426.0,1410.0,571.0,1396.0,1278,1702,549,1329,2739,1925,0
463,563.0,1322.0,495.0,1533.0,373.0,1217.0,620.0,1190.0,426.0,1412.0,575.0,1397.0,1263,1708,548,1329,3259,2340,0
464,563.0,1322.0,494.0,1532.0,372.0,1217.0,619.0,1189.0,425.0,1411.0,574.0,1395.0,1266,1719,547,1329,3119,2214,0
465,561.0,1326.0,493.0,1532.0,373.0,1217.0,619.0,1191.0,424.0,1410.0,574.0,1395.0,1266,1743,547,1331,3087,2205,0
466,559.0,1325.0,490.0,1532.0,372.0,1215.0,618.0,1191.0,422.0,1409.0,570.0,1395.0,1269,1740,545,1330,3011,2170,0
467,562.0,1325.0,492.0,1533.0,373.0,1216.0,620.0,1191.0,424.0,1411.0,574.0,1396.0,1270,1740,547,1331,3156,2285,0
468,559.0,1325.0,491.0,1531.0,371.0,1216.0,618.0,1191.0,423.0,1410.0,571.0,1396.0,1256,1731,544,1330,3133,2254,0
469,559.0,1325.0,490.0,1531.0,371.0,1215.0,618.0,1190.0,422.0,1409.0,571.0,1395.0,1265,1743,545,1330,3081,2221,0
470,561.0,1324.0,492.0,1532.0,373.0,1217.0,617.0,1192.0,424.0,1410.0,572.0,1396.0,1259,1714,546,1330,3028,2156,0
471,559.0,1322.0,490.0,1529.0,371.0,1216.0,616.0,1188.0,424.0,1411.0,569.0,1395.0,1266,1717,545,1328,2833,1973,0
472,562.0,1318.0,494.0,1534.0,374.0,1215.0,616.0,1189.0,426.0,1412.0,572.0,1397.0,1282,1668,548,1326,2960,2099,0
473,561.0,1318.0,494.0,1533.0,373.0,1214.0,616.0,1187.0,426.0,1412.0,572.0,1397.0,1288,1671,548,1325,2971,2105,0
474,562.0,1318.0,496.0,1532.0,372.0,1215.0,618.0,1187.0,427.0,1411.0,574.0,1395.0,1273,1681,548,1325,3161,2235,0
475,562.0,1319.0,496.0,1534.0,374.0,1214.0,617.0,1187.0,426.0,1410.0,574.0,1395.0,1296,1686,549,1326,2994,2124,0
476,562.0,1318.0,495.0,1534.0,374.0,1214.0,617.0,1187.0,427.0,1410.0,574.0,1395.0,1294,1681,549,1325,2984,2116,0
477,561.0,1318.0,494.0,1534.0,372.0,1215.0,616.0,1187.0,426.0,1412.0,572.0,1397.0,1288,1674,547,1326,3002,2125,0
478,561.0,1318.0,494.0,1534.0,373.0,1213.0,617.0,1188.0,426.0,1410.0,572.0,1396.0,1288,1675,548,1325,3067,2199,0
479,562.0,1317.0,496.0,1534.0,374.0,1213.0,617.0,1187.0,427.0,1410.0,573.0,1395.0,1295,1669,549,1324,2999,2130,0
480,560.0,1319.0,496.0,1536.0,372.0,1212.0,618.0,1184.0,425.0,1411.0,574.0,1395.0,1322,1700,549,1325,3070,2203,0
481,558.0,1323.0,495.0,1533.0,369.0,1215.0,615.0,1187.0,423.0,1410.0,573.0,1394.0,1286,1711,545,1327,3118,2208,0
482,559.0,1319.0,497.0,1535.0,370.0,1212.0,616.0,1184.0,425.0,1410.0,574.0,1393.0,1315,1691,548,1324,3100,2201,0
483,560.0,1316.0,495.0,1532.0,372.0,1212.0,615.0,1186.0,425.0,1408.0,573.0,1393.0,1284,1666,547,1323,3076,2179,0
484,561.0,1316.0,495.0,1533.0,372.0,1212.0,615.0,1185.0,426.0,1408.0,573.0,1393.0,1298,1669,548,1323,2978,2103,0
485,561.0,1314.0,496.0,1533.0,372.0,1210.0,616.0,1183.0,426.0,1409.0,573.0,1393.0,1309,1663,549,1322,3023,2144,0
486,561.0,1316.0,498.0,1534.0,372.0,1210.0,616.0,1183.0,426.0,1410.0,574.0,1394.0,1320,1664,550,1322,3057,2170,0
487,561.0,1315.0,497.0,1534.0,372.0,1210.0,616.0,1182.0,426.0,1410.0,573.0,1394.0,1324,1666,550,1322,2972,2106,0
488,560.0,1317.0,496.0,1534.0,370.0,1211.0,616.0,1183.0,425.0,1411.0,573.0,1394.0,1315,1680,548,1323,3072,2183,0
489,560.0,1316.0,496.0,1535.0,370.0,1210.0,617.0,1181.0,425.0,1411.0,574.0,1395.0,1328,1682,549,1323,3140,2248,0
490,560.0,1317.0,496.0,1535.0,370.0,1210.0,618.0,1181.0,424.0,1411.0,574.0,1394.0,1331,1700,549,1324,3142,2256,0
491,559.0,1316.0,494.0,1534.0,371.0,1211.0,616.0,1185.0,424.0,1409.0,573.0,1394.0,1296,1675,547,1323,3176,2282,0
492,559.0,1315.0,494.0,1534.0,371.0,1210.0,614.0,1184.0,424.0,1409.0,571.0,1394.0,1310,1661,547,1322,2979,2123,0
493,559.0,1318.0,496.0,1535.0,370.0,1212.0,617.0,1184.0,425.0,1409.0,575.0,1393.0,1306,1694,548,1324,3229,2311,0
494,559.0,1318.0,495.0,1536.0,370.0,1210.0,616.0,1184.0,424.0,1410.0,573.0,1395.0,1322,1682,548,1324,3160,2279,0
495,559.0,1319.0,496.0,1536.0,370.0,1212.0,617.0,1183.0,423.0,1413.0,573.0,1396.0,1324,1698,548,1325,3116,2233,0
496,558.0,1320.0,495.0,1537.0,370.0,1213.0,616.0,1183.0,423.0,1412.0,572.0,1395.0,1333,1709,548,1326,2944,2095,0
497,559.0,1317.0,495.0,1535.0,370.0,1210.0,616.0,1182.0,424.0,1410.0,572.0,1395.0,1328,1684,548,1323,3048,2185,0
498,561.0,1316.0,497.0,1537.0,371.0,1209.0,617.0,1181.0,425.0,1411.0,573.0,1394.0,1350,1683,551,1323,2992,2142,0
499,558.0,1319.0,495.0,1535.0,369.0,1211.0,616.0,1182.0,423.0,1410.0,572.0,1394.0,1328,1704,548,1324,3036,2170,0
500,559.0,1316.0,495.0,1534.0,371.0,1210.0,614.0,1184.0,424.0,1408.0,572.0,1392.0,1314,1671,548,1322,2966,2106,0
501,557.0,1319.0,494.0,1536.0,370.0,1211.0,613.0,1185.0,422.0,1410.0,571.0,1395.0,1320,1678,547,1324,2984,2136,0
502,558.0,1317.0,495.0,1535.0,369.0,1209.0,615.0,1182.0,423.0,1409.0,572.0,1394.0,1328,1681,547,1322,3103,2229,0
503,559.0,1316.0,497.0,1533.0,369.0,1209.0,616.0,1181.0,425.0,1409.0,573.0,1393.0,1321,1676,548,1322,3145,2239,0
504,550.0,1322.0,502.0,1542.0,362.0,1218.0,610.0,1182.0,416.0,1412.0,576.0,1390.0,1326,1715,543,1327,3409,2372,0
505,551.0,1319.0,502.0,1540.0,362.0,1216.0,610.0,1181.0,417.0,1411.0,576.0,1389.0,1319,1695,543,1324,3462,2404,0
506,552.0,1324.0,505.0,1544.0,363.0,1216.0,613.0,1180.0,417.0,1413.0,579.0,1391.0,1362,1734,546,1327,3525,2482,0
507,560.0,1317.0,496.0,1533.0,373.0,1211.0,617.0,1186.0,425.0,1408.0,574.0,1393.0,1293,1678,548,1323,3155,2261,0
508,560.0,1318.0,491.0,1531.0,372.0,1212.0,618.0,1188.0,423.0,1408.0,572.0,1394.0,1265,1699,545,1325,3219,2337,0
509,560.0,1320.0,493.0,1530.0,372.0,1213.0,616.0,1188.0,424.0,1408.0,571.0,1394.0,1272,1693,546,1326,3018,2146,0
510,561.0,1320.0,497.0,1530.0,374.0,1214.0,618.0,1186.0,427.0,1410.0,574.0,1394.0,1283,1696,549,1326,2982,2091,0
511,561.0,1321.0,495.0,1530.0,373.0,1213.0,619.0,1187.0,425.0,1408.0,574.0,1393.0,1276,1716,547,1326,3124,2232,0
512,563.0,1320.0,495.0,1530.0,376.0,1213.0,618.0,1189.0,427.0,1408.0,573.0,1395.0,1276,1686,549,1326,2966,2109,0
513,565.0,1319.0,497.0,1530.0,377.0,1211.0,621.0,1187.0,429.0,1409.0,575.0,1395.0,1290,1689,551,1325,3051,2189,0
514,566.0,1315.0,498.0,1530.0,378.0,1210.0,621.0,1186.0,430.0,1407.0,575.0,1393.0,1291,1670,552,1322,3018,2154,0
515,569.0,1314.0,500.0,1528.0,382.0,1210.0,620.0,1185.0,433.0,1406.0,576.0,1392.0,1302,1657,555,1321,2715,1894,0
516,571.0,1315.0,503.0,1530.0,381.0,1209.0,625.0,1183.0,433.0,1406.0,580.0,1391.0,1317,1689,557,1322,3018,2148,0
517,572.0,1316.0,504.0,1530.0,383.0,1209.0,624.0,1182.0,435.0,1408.0,580.0,1393.0,1338,1680,559,1322,2797,1970,0
518,571.0,1316.0,502.0,1527.0,384.0,1208.0,623.0,1183.0,435.0,1404.0,578.0,1390.0,1324,1685,558,1321,2661,1858,0
519,574.0,1314.0,504.0,1527.0,384.0,1207.0,626.0,1182.0,436.0,1405.0,581.0,1390.0,1323,1682,560,1320,2874,2030,0
520,574.0,1316.0,507.0,1528.0,384.0,1209.0,628.0,1180.0,438.0,1408.0,583.0,1392.0,1337,1696,561,1322,2893,2027,0
521,574.0,1316.0,507.0,1530.0,385.0,1209.0,628.0,1180.0,439.0,1411.0,582.0,1395.0,1352,1684,563,1322,2811,1978,0
522,576.0,1316.0,510.0,1529.0,386.0,1210.0,630.0,1181.0,440.0,1408.0,586.0,1392.0,1334,1692,563,1322,2996,2102,0
523,578.0,1315.0,509.0,1528.0,391.0,1208.0,628.0,1183.0,441.0,1404.0,587.0,1389.0,1337,1681,565,1321,2745,1916,0
524,575.0,1314.0,512.0,1531.0,386.0,1211.0,632.0,1178.0,444.0,1412.0,587.0,1394.0,1351,1684,565,1322,2984,2077,0
525,577.0,1315.0,514.0,1530.0,388.0,1211.0,633.0,1179.0,446.0,1411.0,589.0,1394.0,1347,1681,567,1322,3010,2094,0
526,577.0,1313.0,512.0,1532.0,390.0,1211.0,632.0,1177.0,446.0,1411.0,587.0,1393.0,1375,1686,568,1322,2663,1835,0
527,578.0,1312.0,512.0,1531.0,391.0,1211.0,634.0,1180.0,447.0,1411.0,588.0,1394.0,1345,1673,568,1322,2876,2006,0
528,578.0,1313.0,513.0,1531.0,390.0,1211.0,635.0,1179.0,447.0,1411.0,589.0,1394.0,1349,1684,568,1322,2964,2071,0
529,580.0,1314.0,520.0,1530.0,391.0,1213.0,635.0,1175.0,451.0,1412.0,592.0,1392.0,1375,1685,571,1322,2759,1856,0
530,582.0,1312.0,513.0,1533.0,396.0,1208.0,637.0,1176.0,448.0,1410.0,589.0,1393.0,1404,1703,573,1322,2585,1815,0
531,583.0,1311.0,515.0,1533.0,397.0,1207.0,639.0,1176.0,449.0,1410.0,591.0,1393.0,1402,1698,574,1321,2714,1921,0
532,584.0,1314.0,517.0,1532.0,396.0,1209.0,638.0,1177.0,452.0,1410.0,593.0,1394.0,1394,1691,575,1322,2746,1920,0
533,586.0,1315.0,518.0,1532.0,399.0,1209.0,639.0,1177.0,452.0,1412.0,592.0,1395.0,1408,1698,577,1323,2578,1797,0
534,589.0,1315.0,519.0,1533.0,401.0,1210.0,639.0,1179.0,455.0,1412.0,593.0,1396.0,1406,1682,579,1323,2530,1763,0
535,587.0,1314.0,520.0,1532.0,400.0,1211.0,640.0,1178.0,454.0,1412.0,594.0,1394.0,1394,1692,577,1323,2618,1805,0
536,588.0,1316.0,520.0,1532.0,401.0,1209.0,641.0,1179.0,454.0,1411.0,595.0,1395.0,1400,1697,578,1323,2694,1892,0
537,587.0,1317.0,520.0,1529.0,398.0,1210.0,643.0,1181.0,452.0,1408.0,595.0,1393.0,1358,1714,575,1323,3018,2132,0
538,587.0,1317.0,520.0,1530.0,399.0,1210.0,643.0,1181.0,453.0,1410.0,595.0,1394.0,1367,1710,576,1324,2937,2072,0
539,587.0,1314.0,523.0,1532.0,399.0,1210.0,643.0,1176.0,456.0,1411.0,598.0,1394.0,1398,1697,578,1322,2893,2016,0
540,588.0,1312.0,521.0,1532.0,400.0,1208.0,644.0,1174.0,455.0,1410.0,597.0,1392.0,1415,1713,579,1321,2761,1931,0
541,588.0,1318.0,522.0,1529.0,400.0,1209.0,645.0,1179.0,455.0,1409.0,599.0,1393.0,1378,1725,578,1324,3018,2132,0
542,589.0,1318.0,522.0,1528.0,401.0,1210.0,645.0,1181.0,455.0,1407.0,598.0,1391.0,1363,1727,578,1324,2940,2059,0
543,590.0,1316.0,523.0,1527.0,402.0,1209.0,644.0,1180.0,457.0,1407.0,598.0,1392.0,1366,1700,579,1322,2879,2006,0
544,591.0,1315.0,524.0,1527.0,403.0,1208.0,643.0,1179.0,457.0,1406.0,599.0,1391.0,1376,1692,580,1321,2819,1958,0
545,591.0,1316.0,524.0,1528.0,403.0,1209.0,644.0,1180.0,457.0,1407.0,599.0,1392.0,1374,1698,580,1322,2864,1997,0
546,591.0,1318.0,523.0,1528.0,402.0,1208.0,646.0,1179.0,456.0,1406.0,600.0,1391.0,1383,1731,580,1323,2947,2078,0
547,590.0,1315.0,521.0,1529.0,402.0,1208.0,645.0,1179.0,457.0,1410.0,597.0,1394.0,1383,1702,579,1322,2847,2006,0
548,590.0,1315.0,524.0,1532.0,401.0,1208.0,646.0,1177.0,456.0,1410.0,601.0,1394.0,1401,1710,580,1322,3083,2191,0
549,591.0,1317.0,525.0,1531.0,402.0,1210.0,646.0,1178.0,457.0,1409.0,602.0,1393.0,1394,1720,581,1323,2995,2104,0
550,592.0,1316.0,524.0,1529.0,403.0,1209.0,646.0,1179.0,458.0,1408.0,600.0,1392.0,1384,1712,581,1322,2886,2019,0
551,591.0,1316.0,524.0,1529.0,402.0,1209.0,646.0,1180.0,457.0,1408.0,600.0,1393.0,1371,1705,579,1322,3054,2157,0
552,594.0,1317.0,525.0,1528.0,403.0,1210.0,646.0,1178.0,459.0,1408.0,602.0,1391.0,1388,1722,582,1323,2836,1958,0
553,594.0,1316.0,525.0,1529.0,404.0,1209.0,646.0,1178.0,458.0,1408.0,602.0,1390.0,1395,1721,582,1323,2809,1947,0
554,594.0,1315.0,524.0,1529.0,404.0,1210.0,646.0,1177.0,457.0,1407.0,602.0,1389.0,1394,1731,582,1323,2758,1898,0
555,593.0,1314.0,523.0,1528.0,402.0,1208.0,643.0,1181.0,457.0,1404.0,599.0,1389.0,1366,1689,579,1320,2891,2018,0
556,589.0,1316.0,524.0,1530.0,400.0,1209.0,643.0,1179.0,455.0,1408.0,600.0,1391.0,1380,1704,578,1322,3003,2101,0
557,589.0,1315.0,526.0,1529.0,400.0,1210.0,643.0,1178.0,456.0,1408.0,601.0,1391.0,1373,1695,578,1321,3037,2104,0
558,588.0,1316.0,523.0,1530.0,400.0,1209.0,643.0,1179.0,454.0,1408.0,598.0,1392.0,1380,1706,578,1322,2958,2076,0
559,589.0,1315.0,522.0,1530.0,399.0,1209.0,644.0,1179.0,454.0,1408.0,598.0,1392.0,1374,1708,577,1322,3049,2151,0
560,591.0,1315.0,520.0,1532.0,403.0,1207.0,641.0,1178.0,455.0,1410.0,596.0,1394.0,1417,1695,581,1322,2595,1827,0
561,588.0,1316.0,518.0,1531.0,400.0,1208.0,642.0,1180.0,452.0,1410.0,594.0,1395.0,1387,1705,577,1323,2817,2005,0
562,586.0,1316.0,518.0,1532.0,399.0,1209.0,642.0,1179.0,452.0,1410.0,594.0,1395.0,1390,1711,576,1323,2827,2006,0
563,586.0,1316.0,518.0,1532.0,398.0,1209.0,642.0,1180.0,452.0,1410.0,594.0,1395.0,1382,1706,576,1323,2924,2082,0
564,585.0,1316.0,518.0,1530.0,398.0,1209.0,643.0,1180.0,452.0,1409.0,595.0,1393.0,1367,1718,575,1323,2989,2122,0
565,585.0,1316.0,517.0,1528.0,398.0,1208.0,641.0,1180.0,451.0,1407.0,593.0,1392.0,1365,1712,574,1322,2858,2016,0
566,585.0,1315.0,515.0,1527.0,399.0,1208.0,640.0,1181.0,451.0,1407.0,591.0,1392.0,1357,1704,574,1322,2729,1914,0
567,585.0,1316.0,516.0,1525.0,399.0,1208.0,640.0,1180.0,451.0,1405.0,592.0,1390.0,1355,1716,574,1322,2705,1876,0
568,587.0,1313.0,521.0,1529.0,399.0,1207.0,642.0,1178.0,453.0,1407.0,597.0,1391.0,1375,1694,576,1320,2992,2109,0
569,585.0,1314.0,518.0,1529.0,397.0,1208.0,643.0,1179.0,452.0,1408.0,595.0,1392.0,1361,1710,574,1322,3069,2181,0
570,587.0,1315.0,519.0,1527.0,401.0,1208.0,641.0,1180.0,453.0,1405.0,596.0,1390.0,1363,1705,576,1321,2796,1951,0
571,586.0,1314.0,519.0,1528.0,399.0,1209.0,643.0,1180.0,453.0,1407.0,596.0,1391.0,1352,1707,575,1322,2997,2108,0
572,587.0,1315.0,519.0,1528.0,400.0,1208.0,641.0,1180.0,453.0,1406.0,596.0,1391.0,1366,1701,576,1321,2857,2005,0
573,586.0,1314.0,517.0,1528.0,399.0,1209.0,642.0,1181.0,452.0,1406.0,594.0,1391.0,1349,1706,574,1322,2907,2047,0
574,584.0,1315.0,518.0,1529.0,398.0,1209.0,641.0,1180.0,452.0,1407.0,595.0,1392.0,1359,1704,574,1322,2958,2084,0
575,585.0,1314.0,519.0,1528.0,399.0,1209.0,642.0,1180.0,452.0,1407.0,595.0,1391.0,1353,1704,574,1322,2946,2067,0
576,585.0,1315.0,518.0,1528.0,399.0,1209.0,641.0,1180.0,451.0,1406.0,594.0,1391.0,1359,1710,574,1322,2853,1999,0
577,585.0,1315.0,518.0,1526.0,399.0,1209.0,640.0,1180.0,452.0,1406.0,594.0,1390.0,1352,1704,574,1322,2786,1927,0
578,585.0,1314.0,520.0,1528.0,398.0,1210.0,642.0,1179.0,454.0,1408.0,596.0,1391.0,1355,1701,575,1322,2950,2049,0
579,585.0,1315.0,521.0,1529.0,398.0,1210.0,642.0,1179.0,453.0,1407.0,597.0,1391.0,1360,1707,575,1322,3013,2106,0
580,584.0,1310.0,521.0,1530.0,396.0,1209.0,639.0,1172.0,453.0,1409.0,596.0,1389.0,1400,1695,576,1319,2730,1860,0
581,584.0,1313.0,518.0,1528.0,397.0,1209.0,640.0,1179.0,451.0,1407.0,594.0,1391.0,1353,1695,573,1321,2935,2051,0
582,580.0,1312.0,517.0,1527.0,394.0,1209.0,638.0,1177.0,450.0,1408.0,592.0,1391.0,1350,1689,571,1320,2930,2029,0
583,581.0,1310.0,518.0,1527.0,395.0,1210.0,637.0,1177.0,451.0,1408.0,592.0,1391.0,1346,1670,571,1319,2853,1954,0
584,577.0,1309.0,515.0,1527.0,392.0,1210.0,631.0,1175.0,448.0,1409.0,586.0,1390.0,1360,1659,569,1318,2523,1690,0
585,580.0,1310.0,517.0,1529.0,395.0,1210.0,635.0,1177.0,449.0,1408.0,590.0,1391.0,1360,1669,571,1320,2712,1858,0
586,579.0,1311.0,516.0,1527.0,394.0,1208.0,633.0,1178.0,448.0,1406.0,590.0,1390.0,1350,1662,570,1318,2770,1907,0
587,580.0,1313.0,514.0,1527.0,394.0,1208.0,633.0,1180.0,447.0,1406.0,589.0,1391.0,1347,1671,569,1320,2764,1919,0
588,578.0,1309.0,515.0,1526.0,392.0,1210.0,633.0,1177.0,447.0,1407.0,588.0,1390.0,1335,1662,568,1319,2776,1888,0
589,578.0,1311.0,511.0,1527.0,394.0,1208.0,631.0,1181.0,444.0,1404.0,586.0,1389.0,1336,1670,567,1319,2666,1845,0
590,578.0,1311.0,509.0,1528.0,394.0,1207.0,630.0,1182.0,444.0,1404.0,585.0,1390.0,1340,1662,567,1319,2635,1844,0
591,577.0,1310.0,508.0,1526.0,393.0,1206.0,629.0,1182.0,443.0,1404.0,583.0,1390.0,1330,1652,565,1318,2638,1845,0
592,576.0,1311.0,508.0,1526.0,393.0,1207.0,629.0,1180.0,443.0,1404.0,584.0,1389.0,1340,1671,566,1319,2556,1765,0
593,576.0,1310.0,511.0,1525.0,391.0,1207.0,630.0,1178.0,444.0,1404.0,585.0,1389.0,1337,1663,566,1318,2698,1858,0
594,575.0,1310.0,506.0,1525.0,393.0,1206.0,627.0,1183.0,442.0,1403.0,581.0,1390.0,1320,1646,564,1318,2566,1789,0
595,575.0,1310.0,510.0,1527.0,392.0,1208.0,630.0,1180.0,444.0,1405.0,585.0,1389.0,1333,1664,565,1319,2683,1851,0
596,578.0,1311.0,510.0,1528.0,395.0,1207.0,630.0,1181.0,445.0,1404.0,586.0,1390.0,1348,1663,568,1319,2591,1804,0
597,580.0,1312.0,511.0,1526.0,397.0,1208.0,631.0,1183.0,446.0,1404.0,587.0,1390.0,1331,1662,568,1320,2587,1789,0
598,580.0,1312.0,512.0,1526.0,396.0,1208.0,632.0,1181.0,446.0,1406.0,586.0,1391.0,1342,1667,569,1320,2575,1777,0
599,582.0,1313.0,513.0,1525.0,397.0,1208.0,634.0,1182.0,446.0,1403.0,589.0,1388.0,1332,1686,569,1320,2674,1845,0
600,581.0,1312.0,510.0,1524.0,398.0,1207.0,631.0,1185.0,445.0,1401.0,586.0,1388.0,1316,1664,568,1319,2578,1784,0
601,578.0,1312.0,509.0,1524.0,398.0,1208.0,631.0,1184.0,445.0,1403.0,585.0,1389.0,1317,1669,567,1320,2519,1729,0
602,581.0,1312.0,510.0,1525.0,399.0,1207.0,630.0,1185.0,447.0,1401.0,586.0,1389.0,1326,1653,569,1319,2489,1723,0
603,582.0,1314.0,514.0,1524.0,398.0,1209.0,634.0,1183.0,448.0,1403.0,590.0,1389.0,1323,1679,570,1321,2678,1837,0
604,582.0,1313.0,517.0,1524.0,397.0,1209.0,636.0,1180.0,450.0,1405.0,591.0,1390.0,1333,1676,571,1320,2758,1888,0
605,582.0,1313.0,516.0,1523.0,397.0,1209.0,636.0,1181.0,449.0,1404.0,591.0,1389.0,1320,1680,570,1320,2792,1913,0
606,583.0,1314.0,520.0,1525.0,400.0,1211.0,636.0,1180.0,452.0,1405.0,594.0,1388.0,1343,1683,573,1321,2613,1748,0
607,584.0,1312.0,515.0,1524.0,402.0,1209.0,636.0,1183.0,451.0,1402.0,591.0,1388.0,1326,1676,572,1320,2566,1747,0
608,585.0,1313.0,518.0,1523.0,402.0,1209.0,636.0,1182.0,452.0,1403.0,592.0,1388.0,1332,1672,573,1320,2554,1723,0
609,585.0,1313.0,518.0,1525.0,401.0,1209.0,639.0,1182.0,452.0,1405.0,593.0,1390.0,1333,1681,574,1321,2754,1901,0
610,585.0,1312.0,518.0,1525.0,402.0,1209.0,639.0,1182.0,452.0,1404.0,594.0,1389.0,1331,1680,574,1320,2752,1896,0
611,584.0,1313.0,518.0,1523.0,401.0,1210.0,638.0,1181.0,452.0,1404.0,593.0,1388.0,1327,1687,573,1321,2650,1786,0
612,585.0,1313.0,519.0,1522.0,401.0,1208.0,638.0,1181.0,453.0,1403.0,594.0,1387.0,1329,1681,574,1319,2700,1832,0
613,585.0,1312.0,519.0,1522.0,401.0,1209.0,639.0,1180.0,453.0,1403.0,594.0,1387.0,1327,1686,574,1319,2701,1823,0
614,585.0,1312.0,522.0,1522.0,402.0,1209.0,639.0,1178.0,455.0,1403.0,596.0,1386.0,1342,1684,575,1319,2641,1761,0
615,586.0,1312.0,520.0,1524.0,405.0,1209.0,638.0,1182.0,455.0,1403.0,595.0,1388.0,1337,1667,576,1319,2572,1740,0
616,587.0,1312.0,522.0,1522.0,405.0,1209.0,639.0,1181.0,456.0,1401.0,597.0,1386.0,1331,1673,576,1319,2628,1761,0
617,587.0,1313.0,520.0,1523.0,404.0,1209.0,640.0,1182.0,455.0,1402.0,596.0,1388.0,1329,1681,576,1320,2707,1845,0
618,589.0,1311.0,523.0,1522.0,407.0,1208.0,640.0,1181.0,457.0,1401.0,597.0,1387.0,1337,1663,578,1318,2604,1757,0
619,588.0,1312.0,521.0,1521.0,406.0,1208.0,641.0,1181.0,456.0,1402.0,596.0,1387.0,1331,1681,577,1319,2619,1768,0
620,591.0,1308.0,524.0,1524.0,407.0,1208.0,642.0,1176.0,460.0,1406.0,597.0,1388.0,1372,1666,581,1318,2459,1644,0
621,585.0,1307.0,519.0,1513.0,403.0,1203.0,640.0,1176.0,453.0,1399.0,590.0,1383.0,1317,1674,574,1314,2550,1693,0
622,585.0,1311.0,519.0,1516.0,404.0,1206.0,641.0,1176.0,455.0,1400.0,593.0,1383.0,1336,1707,576,1318,2456,1602,0
623,586.0,1312.0,519.0,1514.0,406.0,1206.0,642.0,1180.0,456.0,1397.0,594.0,1382.0,1307,1704,575,1318,2541,1662,0
624,589.0,1307.0,522.0,1518.0,407.0,1204.0,642.0,1178.0,457.0,1398.0,596.0,1383.0,1332,1668,578,1315,2615,1765,0
625,590.0,1310.0,523.0,1517.0,408.0,1205.0,644.0,1180.0,459.0,1397.0,597.0,1384.0,1322,1678,578,1316,2675,1809,0
626,590.0,1307.0,524.0,1519.0,410.0,1205.0,644.0,1177.0,460.0,1399.0,596.0,1383.0,1349,1675,581,1316,2449,1627,0
627,592.0,1309.0,525.0,1519.0,410.0,1206.0,646.0,1178.0,460.0,1401.0,597.0,1385.0,1345,1684,581,1317,2538,1698,0
628,592.0,1308.0,527.0,1516.0,411.0,1204.0,645.0,1178.0,461.0,1397.0,599.0,1382.0,1334,1670,581,1315,2586,1722,0
629,591.0,1312.0,527.0,1515.0,409.0,1207.0,646.0,1178.0,463.0,1398.0,601.0,1382.0,1325,1697,581,1317,2626,1712,0
630,593.0,1307.0,528.0,1515.0,411.0,1204.0,645.0,1178.0,463.0,1397.0,600.0,1382.0,1327,1656,582,1314,2619,1739,0
631,591.0,1311.0,526.0,1517.0,411.0,1207.0,647.0,1180.0,462.0,1398.0,601.0,1383.0,1320,1694,581,1318,2672,1775,0
632,595.0,1310.0,529.0,1514.0,414.0,1206.0,648.0,1180.0,467.0,1396.0,603.0,1381.0,1318,1678,584,1316,2581,1681,0
633,594.0,1311.0,528.0,1511.0,411.0,1205.0,650.0,1176.0,464.0,1394.0,603.0,1379.0,1319,1721,582,1316,2666,1728,0
634,595.0,1311.0,526.0,1510.0,414.0,1202.0,650.0,1177.0,464.0,1392.0,601.0,1379.0,1328,1717,584,1315,2531,1655,0
635,597.0,1305.0,531.0,1512.0,417.0,1197.0,651.0,1171.0,466.0,1392.0,605.0,1378.0,1375,1688,588,1310,2548,1714,0
636,597.0,1297.0,527.0,1509.0,422.0,1188.0,648.0,1173.0,466.0,1387.0,601.0,1379.0,1365,1617,588,1304,2501,1768,0
637,594.0,1292.0,520.0,1508.0,422.0,1183.0,645.0,1177.0,462.0,1382.0,598.0,1378.0,1337,1584,584,1300,2657,1949,0
638,588.0,1290.0,519.0,1510.0,416.0,1183.0,645.0,1172.0,459.0,1383.0,598.0,1376.0,1345,1601,581,1300,2846,2076,0
639,589.0,1284.0,520.0,1507.0,413.0,1179.0,642.0,1168.0,459.0,1382.0,595.0,1374.0,1351,1562,580,1294,2786,2011,0
640,582.0,1289.0,518.0,1515.0,404.0,1177.0,643.0,1160.0,453.0,1386.0,592.0,1374.0,1434,1635,579,1297,2811,2059,0
641,579.0,1290.0,516.0,1513.0,401.0,1179.0,640.0,1161.0,451.0,1386.0,589.0,1374.0,1410,1631,576,1298,2776,2013,0
642,584.0,1290.0,524.0,1517.0,401.0,1179.0,640.0,1157.0,455.0,1387.0,595.0,1373.0,1460,1618,581,1296,2761,1967,0
643,579.0,1288.0,519.0,1516.0,400.0,1176.0,637.0,1158.0,451.0,1386.0,590.0,1373.0,1448,1606,577,1295,2716,1963,0
644,582.0,1287.0,523.0,1518.0,397.0,1177.0,636.0,1154.0,452.0,1389.0,591.0,1374.0,1475,1594,579,1294,2689,1912,0
645,583.0,1287.0,518.0,1509.0,406.0,1178.0,636.0,1167.0,452.0,1379.0,594.0,1371.0,1361,1572,576,1294,2891,2085,0
646,581.0,1289.0,519.0,1511.0,404.0,1178.0,637.0,1163.0,451.0,1380.0,595.0,1370.0,1392,1604,576,1295,2870,2065,0
647,579.0,1289.0,517.0,1511.0,404.0,1178.0,632.0,1164.0,450.0,1379.0,592.0,1370.0,1393,1586,575,1294,2625,1881,0
648,579.0,1288.0,516.0,1511.0,405.0,1177.0,630.0,1164.0,450.0,1379.0,591.0,1370.0,1398,1574,575,1293,2500,1796,0
649,579.0,1286.0,517.0,1510.0,403.0,1176.0,630.0,1161.0,451.0,1379.0,591.0,1368.0,1405,1572,575,1292,2495,1774,0
650,578.0,1282.0,518.0,1509.0,403.0,1175.0,628.0,1159.0,451.0,1378.0,590.0,1367.0,1403,1547,575,1289,2430,1718,0
651,576.0,1283.0,519.0,1509.0,397.0,1177.0,626.0,1157.0,450.0,1379.0,591.0,1367.0,1400,1544,572,1289,2574,1785,0
652,575.0,1284.0,519.0,1510.0,395.0,1177.0,627.0,1157.0,449.0,1379.0,591.0,1367.0,1401,1553,572,1289,2705,1880,0
653,573.0,1282.0,518.0,1510.0,394.0,1175.0,626.0,1157.0,448.0,1379.0,590.0,1368.0,1397,1533,570,1288,2799,1955,0
654,573.0,1282.0,518.0,1511.0,395.0,1174.0,625.0,1157.0,448.0,1379.0,589.0,1367.0,1410,1533,571,1288,2652,1860,0
655,574.0,1282.0,518.0,1510.0,395.0,1173.0,625.0,1156.0,447.0,1378.0,589.0,1367.0,1415,1536,571,1287,2652,1865,0
656,573.0,1281.0,517.0,1509.0,396.0,1172.0,626.0,1156.0,446.0,1377.0,589.0,1366.0,1408,1542,571,1287,2697,1905,0
657,574.0,1280.0,518.0,1511.0,396.0,1172.0,626.0,1155.0,447.0,1378.0,590.0,1366.0,1422,1537,572,1286,2672,1884,0
658,574.0,1277.0,515.0,1508.0,394.0,1170.0,626.0,1155.0,446.0,1375.0,588.0,1365.0,1400,1528,570,1284,2800,1981,0
659,576.0,1277.0,517.0,1509.0,396.0,1170.0,626.0,1155.0,448.0,1376.0,590.0,1365.0,1411,1521,572,1284,2720,1920,0
660,577.0,1276.0,519.0,1508.0,400.0,1168.0,628.0,1152.0,450.0,1374.0,591.0,1363.0,1433,1534,575,1283,2551,1810,0
661,580.0,1277.0,521.0,1509.0,403.0,1170.0,631.0,1152.0,453.0,1375.0,593.0,1364.0,1440,1547,578,1285,2498,1771,0
662,582.0,1276.0,522.0,1508.0,405.0,1169.0,632.0,1153.0,455.0,1374.0,594.0,1363.0,1435,1539,580,1284,2500,1774,0
663,582.0,1275.0,524.0,1508.0,405.0,1168.0,633.0,1152.0,456.0,1374.0,595.0,1364.0,1439,1527,580,1283,2586,1834,0
664,584.0,1274.0,525.0,1508.0,407.0,1168.0,635.0,1153.0,457.0,1374.0,597.0,1364.0,1433,1524,582,1283,2669,1894,0
665,585.0,1276.0,526.0,1511.0,398.0,1169.0,636.0,1146.0,456.0,1383.0,591.0,1368.0,1484,1550,581,1284,2596,1826,0
666,584.0,1276.0,523.0,1512.0,400.0,1167.0,637.0,1149.0,454.0,1381.0,591.0,1369.0,1476,1552,581,1285,2722,1954,0
667,585.0,1275.0,523.0,1505.0,407.0,1165.0,643.0,1151.0,456.0,1372.0,598.0,1362.0,1432,1580,582,1283,2967,2145,0
668,588.0,1276.0,528.0,1508.0,407.0,1165.0,643.0,1148.0,459.0,1375.0,599.0,1364.0,1475,1571,586,1283,2815,2018,0
669,590.0,1276.0,529.0,1508.0,409.0,1165.0,645.0,1148.0,460.0,1375.0,601.0,1363.0,1479,1582,588,1284,2820,2023,0
670,590.0,1276.0,529.0,1507.0,413.0,1166.0,645.0,1151.0,462.0,1373.0,604.0,1363.0,1456,1570,588,1284,2838,2037,0
671,590.0,1274.0,528.0,1504.0,412.0,1165.0,647.0,1150.0,462.0,1371.0,603.0,1361.0,1440,1577,587,1282,2937,2109,0
672,591.0,1274.0,529.0,1505.0,412.0,1165.0,648.0,1148.0,462.0,1373.0,602.0,1362.0,1459,1586,588,1283,2848,2045,0
673,592.0,1274.0,527.0,1504.0,417.0,1166.0,647.0,1153.0,463.0,1370.0,604.0,1362.0,1430,1573,589,1283,2805,2030,0
674,591.0,1277.0,528.0,1504.0,416.0,1167.0,645.0,1153.0,463.0,1372.0,603.0,1363.0,1437,1573,588,1284,2684,1928,0
675,593.0,1276.0,527.0,1502.0,418.0,1166.0,647.0,1155.0,462.0,1370.0,603.0,1362.0,1418,1577,588,1284,2777,2013,0
676,594.0,1276.0,530.0,1503.0,419.0,1167.0,647.0,1156.0,465.0,1371.0,605.0,1363.0,1418,1558,590,1284,2802,2017,0
677,594.0,1273.0,527.0,1500.0,416.0,1165.0,647.0,1154.0,462.0,1369.0,603.0,1361.0,1405,1562,587,1282,2913,2102,0
678,592.0,1273.0,526.0,1502.0,417.0,1164.0,647.0,1152.0,463.0,1369.0,602.0,1361.0,1431,1573,588,1282,2730,1981,0
679,593.0,1270.0,527.0,1498.0,420.0,1166.0,645.0,1154.0,465.0,1368.0,603.0,1360.0,1393,1542,588,1281,2643,1884,0
680,593.0,1270.0,526.0,1501.0,417.0,1165.0,647.0,1153.0,463.0,1369.0,601.0,1361.0,1409,1555,587,1281,2780,2008,0
681,596.0,1271.0,531.0,1501.0,418.0,1167.0,646.0,1153.0,467.0,1372.0,602.0,1362.0,1416,1536,590,1282,2621,1859,0
682,595.0,1270.0,529.0,1498.0,418.0,1165.0,645.0,1151.0,465.0,1372.0,600.0,1361.0,1417,1543,589,1281,2520,1789,0
683,599.0,1267.0,529.0,1497.0,422.0,1165.0,645.0,1153.0,467.0,1371.0,600.0,1361.0,1405,1524,591,1280,2417,1722,0
684,599.0,1267.0,529.0,1497.0,422.0,1165.0,646.0,1154.0,466.0,1370.0,600.0,1360.0,1398,1528,590,1280,2486,1773,0
685,602.0,1266.0,531.0,1495.0,425.0,1164.0,649.0,1154.0,468.0,1369.0,602.0,1360.0,1393,1526,592,1279,2540,1816,0
686,607.0,1271.0,538.0,1499.0,426.0,1168.0,655.0,1149.0,473.0,1372.0,608.0,1359.0,1444,1580,599,1283,2457,1718,0
687,609.0,1275.0,534.0,1502.0,429.0,1170.0,658.0,1154.0,471.0,1373.0,607.0,1362.0,1440,1613,599,1287,2460,1760,0
688,610.0,1275.0,538.0,1501.0,432.0,1169.0,660.0,1154.0,475.0,1372.0,610.0,1362.0,1442,1601,602,1286,2499,1788,0
689,611.0,1277.0,539.0,1500.0,432.0,1172.0,662.0,1156.0,477.0,1373.0,613.0,1363.0,1419,1606,602,1288,2637,1870,0
690,615.0,1279.0,540.0,1500.0,435.0,1173.0,665.0,1158.0,479.0,1374.0,614.0,1365.0,1418,1615,604,1290,2625,1873,0
691,616.0,1279.0,543.0,1502.0,439.0,1175.0,663.0,1158.0,481.0,1376.0,615.0,1366.0,1434,1601,607,1290,2388,1681,0
692,614.0,1280.0,540.0,1502.0,437.0,1174.0,664.0,1160.0,478.0,1375.0,613.0,1365.0,1422,1617,604,1291,2511,1790,0
693,613.0,1279.0,539.0,1505.0,439.0,1176.0,664.0,1163.0,480.0,1373.0,616.0,1366.0,1409,1604,605,1292,2607,1876,0
694,614.0,1280.0,539.0,1504.0,436.0,1176.0,664.0,1162.0,478.0,1377.0,611.0,1368.0,1414,1608,603,1292,2547,1827,0
695,608.0,1285.0,533.0,1502.0,432.0,1178.0,666.0,1163.0,474.0,1376.0,611.0,1367.0,1386,1667,599,1296,2733,1967,0
696,608.0,1283.0,532.0,1506.0,431.0,1177.0,664.0,1163.0,472.0,1376.0,611.0,1368.0,1401,1651,598,1295,2805,2053,0
697,610.0,1282.0,535.0,1507.0,432.0,1178.0,660.0,1164.0,474.0,1380.0,607.0,1371.0,1411,1606,600,1295,2534,1827,0
698,603.0,1282.0,528.0,1505.0,426.0,1176.0,658.0,1160.0,467.0,1378.0,604.0,1368.0,1411,1645,594,1294,2578,1863,0
699,603.0,1278.0,529.0,1504.0,423.0,1174.0,656.0,1155.0,468.0,1378.0,605.0,1366.0,1425,1627,594,1291,2573,1837,0
700,603.0,1277.0,530.0,1507.0,423.0,1174.0,652.0,1155.0,468.0,1379.0,604.0,1367.0,1442,1601,595,1290,2446,1746,0
701,602.0,1276.0,529.0,1508.0,421.0,1174.0,650.0,1156.0,467.0,1379.0,603.0,1367.0,1436,1587,593,1289,2488,1778,0
702,598.0,1276.0,527.0,1508.0,418.0,1178.0,647.0,1157.0,465.0,1379.0,601.0,1366.0,1411,1586,589,1290,2453,1720,0
703,596.0,1277.0,525.0,1509.0,416.0,1178.0,646.0,1157.0,463.0,1379.0,601.0,1366.0,1413,1595,588,1291,2509,1766,0
704,593.0,1275.0,521.0,1506.0,414.0,1180.0,642.0,1162.0,461.0,1379.0,595.0,1366.0,1359,1564,582,1291,2473,1724,0
705,592.0,1276.0,523.0,1506.0,413.0,1176.0,641.0,1156.0,460.0,1377.0,596.0,1365.0,1404,1576,584,1289,2405,1686,0
706,595.0,1281.0,524.0,1509.0,412.0,1178.0,644.0,1159.0,458.0,1380.0,595.0,1368.0,1411,1600,585,1293,2512,1783,0
707,595.0,1278.0,524.0,1510.0,412.0,1176.0,642.0,1158.0,458.0,1378.0,596.0,1367.0,1418,1580,585,1290,2522,1799,0
708,596.0,1281.0,527.0,1513.0,412.0,1179.0,642.0,1159.0,459.0,1384.0,596.0,1371.0,1431,1577,586,1293,2475,1756,0
709,594.0,1282.0,525.0,1511.0,410.0,1179.0,641.0,1158.0,457.0,1384.0,592.0,1370.0,1428,1591,584,1293,2372,1673,0
710,588.0,1285.0,518.0,1510.0,412.0,1185.0,638.0,1166.0,458.0,1379.0,597.0,1369.0,1360,1595,580,1296,2473,1723,0
711,591.0,1284.0,524.0,1513.0,410.0,1182.0,641.0,1161.0,458.0,1385.0,594.0,1372.0,1412,1590,583,1295,2476,1746,0
712,590.0,1285.0,520.0,1513.0,411.0,1185.0,638.0,1162.0,458.0,1382.0,597.0,1370.0,1400,1603,582,1297,2368,1647,0
713,589.0,1288.0,521.0,1515.0,411.0,1186.0,636.0,1163.0,458.0,1383.0,599.0,1370.0,1410,1605,583,1298,2338,1620,0
714,587.0,1287.0,520.0,1514.0,409.0,1186.0,636.0,1162.0,457.0,1383.0,597.0,1370.0,1403,1606,581,1297,2367,1637,0
715,588.0,1290.0,518.0,1516.0,410.0,1189.0,636.0,1168.0,456.0,1384.0,597.0,1372.0,1381,1610,580,1301,2424,1688,0
716,589.0,1292.0,519.0,1518.0,411.0,1191.0,634.0,1172.0,457.0,1385.0,598.0,1374.0,1373,1591,580,1302,2422,1690,0
717,587.0,1291.0,518.0,1516.0,409.0,1188.0,636.0,1167.0,455.0,1386.0,595.0,1372.0,1392,1618,580,1301,2373,1653,0
718,587.0,1294.0,518.0,1516.0,409.0,1191.0,636.0,1173.0,457.0,1385.0,598.0,1374.0,1355,1605,578,1303,2588,1809,0
719,590.0,1291.0,522.0,1517.0,410.0,1186.0,643.0,1162.0,455.0,1389.0,595.0,1375.0,1431,1646,584,1301,2459,1741,0
720,589.0,1293.0,523.0,1516.0,408.0,1188.0,644.0,1161.0,455.0,1389.0,595.0,1373.0,1428,1670,583,1303,2455,1707,0
721,591.0,1293.0,518.0,1519.0,414.0,1191.0,640.0,1172.0,459.0,1387.0,598.0,1376.0,1383,1622,583,1304,2426,1716,0
722,593.0,1293.0,519.0,1519.0,415.0,1190.0,638.0,1173.0,460.0,1387.0,599.0,1377.0,1387,1600,584,1303,2398,1705,0
723,593.0,1290.0,521.0,1515.0,414.0,1191.0,639.0,1171.0,460.0,1386.0,597.0,1373.0,1367,1601,583,1302,2352,1622,0
724,586.0,1297.0,518.0,1516.0,408.0,1193.0,638.0,1173.0,457.0,1387.0,597.0,1376.0,1353,1626,578,1305,2613,1823,0
725,585.0,1295.0,516.0,1515.0,408.0,1191.0,637.0,1174.0,456.0,1386.0,594.0,1376.0,1344,1611,576,1304,2597,1829,0
726,586.0,1292.0,516.0,1515.0,408.0,1192.0,635.0,1174.0,455.0,1386.0,594.0,1375.0,1335,1594,576,1303,2556,1782,0
727,584.0,1295.0,514.0,1513.0,405.0,1193.0,632.0,1174.0,454.0,1386.0,591.0,1375.0,1331,1601,574,1304,2440,1675,0
728,582.0,1297.0,514.0,1512.0,403.0,1194.0,632.0,1172.0,451.0,1387.0,590.0,1374.0,1334,1628,572,1305,2421,1636,0
729,581.0,1298.0,513.0,1514.0,401.0,1195.0,632.0,1173.0,450.0,1389.0,590.0,1376.0,1332,1629,571,1306,2530,1731,0
730,581.0,1298.0,513.0,1512.0,399.0,1195.0,632.0,1170.0,450.0,1387.0,590.0,1373.0,1336,1648,571,1306,2482,1664,0
731,576.0,1300.0,510.0,1513.0,396.0,1197.0,628.0,1172.0,446.0,1389.0,586.0,1375.0,1324,1644,567,1307,2446,1634,0
732,575.0,1300.0,509.0,1512.0,395.0,1197.0,627.0,1172.0,445.0,1390.0,584.0,1376.0,1319,1639,565,1307,2423,1616,0
733,575.0,1301.0,508.0,1515.0,394.0,1199.0,627.0,1174.0,444.0,1390.0,586.0,1376.0,1313,1648,565,1309,2535,1705,0
734,574.0,1301.0,509.0,1514.0,394.0,1199.0,626.0,1173.0,445.0,1391.0,584.0,1377.0,1318,1637,565,1308,2430,1617,0
735,574.0,1302.0,507.0,1515.0,392.0,1200.0,626.0,1176.0,442.0,1391.0,584.0,1376.0,1298,1649,562,1310,2575,1729,0
736,575.0,1301.0,508.0,1514.0,395.0,1201.0,625.0,1176.0,445.0,1392.0,583.0,1377.0,1301,1630,564,1309,2364,1551,0
737,575.0,1301.0,510.0,1515.0,395.0,1200.0,626.0,1175.0,445.0,1393.0,584.0,1379.0,1311,1624,565,1309,2463,1647,0
738,574.0,1299.0,508.0,1515.0,394.0,1198.0,627.0,1175.0,444.0,1392.0,584.0,1378.0,1304,1624,564,1308,2594,1767,0
739,577.0,1302.0,512.0,1518.0,394.0,1201.0,627.0,1175.0,447.0,1395.0,587.0,1380.0,1324,1623,566,1310,2557,1723,0
740,578.0,1303.0,513.0,1519.0,394.0,1202.0,629.0,1174.0,447.0,1394.0,590.0,1379.0,1329,1645,567,1311,2646,1783,0
741,579.0,1303.0,515.0,1518.0,396.0,1201.0,630.0,1173.0,448.0,1395.0,590.0,1379.0,1339,1645,569,1310,2563,1719,0
742,580.0,1302.0,515.0,1519.0,396.0,1202.0,630.0,1175.0,449.0,1394.0,591.0,1379.0,1326,1632,569,1310,2650,1785,0
743,580.0,1304.0,515.0,1520.0,397.0,1202.0,632.0,1175.0,449.0,1397.0,590.0,1381.0,1339,1648,570,1312,2603,1764,0
744,580.0,1305.0,515.0,1522.0,397.0,1203.0,632.0,1176.0,449.0,1396.0,592.0,1381.0,1340,1653,570,1313,2674,1823,0
745,584.0,1298.0,518.0,1525.0,402.0,1196.0,634.0,1169.0,453.0,1396.0,594.0,1382.0,1408,1624,577,1308,2515,1758,0
746,585.0,1300.0,517.0,1524.0,404.0,1198.0,633.0,1171.0,453.0,1397.0,593.0,1382.0,1400,1632,577,1310,2352,1625,0
747,583.0,1302.0,517.0,1522.0,403.0,1199.0,633.0,1171.0,453.0,1396.0,592.0,1381.0,1391,1644,576,1310,2332,1589,0
748,584.0,1300.0,516.0,1523.0,403.0,1196.0,635.0,1169.0,452.0,1396.0,592.0,1381.0,1408,1651,577,1309,2391,1662,0
749,581.0,1299.0,514.0,1522.0,403.0,1196.0,634.0,1171.0,450.0,1395.0,591.0,1382.0,1383,1639,575,1309,2479,1738,0
750,583.0,1299.0,514.0,1521.0,403.0,1197.0,638.0,1170.0,451.0,1394.0,592.0,1380.0,1380,1669,575,1310,2521,1755,0
751,586.0,1302.0,520.0,1523.0,405.0,1197.0,636.0,1169.0,455.0,1397.0,595.0,1381.0,1417,1651,580,1310,2363,1626,0
752,586.0,1302.0,516.0,1522.0,403.0,1199.0,640.0,1171.0,454.0,1397.0,595.0,1383.0,1382,1674,577,1312,2614,1823,0
753,587.0,1299.0,520.0,1522.0,404.0,1196.0,641.0,1167.0,455.0,1395.0,598.0,1380.0,1406,1667,580,1309,2651,1848,0
754,586.0,1299.0,520.0,1522.0,406.0,1196.0,641.0,1167.0,455.0,1396.0,595.0,1380.0,1413,1670,580,1309,2460,1704,0
755,590.0,1301.0,524.0,1523.0,408.0,1197.0,643.0,1166.0,458.0,1396.0,600.0,1380.0,1431,1679,584,1310,2479,1709,0
756,586.0,1311.0,523.0,1522.0,401.0,1201.0,644.0,1171.0,455.0,1399.0,599.0,1383.0,1395,1723,579,1316,2835,1969,0
757,590.0,1309.0,522.0,1526.0,406.0,1201.0,647.0,1175.0,455.0,1399.0,601.0,1385.0,1391,1715,581,1317,2939,2103,0
758,589.0,1309.0,526.0,1523.0,403.0,1200.0,647.0,1169.0,457.0,1399.0,603.0,1382.0,1411,1725,582,1315,2928,2043,0
759,590.0,1304.0,524.0,1523.0,403.0,1195.0,648.0,1168.0,455.0,1396.0,602.0,1380.0,1414,1714,581,1311,3074,2199,0
760,590.0,1306.0,522.0,1523.0,406.0,1197.0,649.0,1173.0,457.0,1397.0,602.0,1384.0,1386,1704,581,1313,3118,2257,0
761,593.0,1305.0,530.0,1524.0,406.0,1197.0,651.0,1170.0,459.0,1397.0,607.0,1382.0,1404,1698,584,1312,3338,2389,0
762,595.0,1307.0,527.0,1523.0,410.0,1196.0,653.0,1170.0,462.0,1396.0,607.0,1383.0,1421,1721,587,1313,3025,2177,0
763,597.0,1306.0,531.0,1521.0,410.0,1195.0,655.0,1169.0,464.0,1395.0,610.0,1381.0,1414,1716,588,1312,3231,2319,0
764,597.0,1302.0,532.0,1521.0,407.0,1191.0,655.0,1164.0,464.0,1392.0,613.0,1378.0,1434,1710,588,1307,3523,2540,0
765,596.0,1304.0,531.0,1520.0,408.0,1194.0,655.0,1165.0,464.0,1393.0,612.0,1378.0,1423,1728,588,1310,3290,2347,0
766,599.0,1302.0,533.0,1521.0,409.0,1189.0,658.0,1161.0,467.0,1392.0,614.0,1377.0,1468,1730,592,1307,3319,2393,0
767,601.0,1302.0,530.0,1523.0,414.0,1190.0,659.0,1165.0,467.0,1392.0,613.0,1379.0,1462,1730,593,1309,3129,2285,0
768,603.0,1303.0,530.0,1523.0,416.0,1190.0,660.0,1166.0,467.0,1392.0,613.0,1379.0,1465,1739,595,1310,3042,2228,0
769,604.0,1305.0,532.0,1524.0,418.0,1189.0,661.0,1167.0,469.0,1394.0,615.0,1381.0,1478,1734,597,1311,3086,2275,0
770,607.0,1302.0,535.0,1524.0,423.0,1190.0,662.0,1167.0,473.0,1392.0,618.0,1380.0,1475,1712,600,1309,2962,2160,0
771,609.0,1301.0,541.0,1522.0,423.0,1190.0,664.0,1163.0,476.0,1393.0,620.0,1379.0,1488,1708,603,1308,2969,2123,0
772,610.0,1302.0,544.0,1522.0,422.0,1188.0,666.0,1162.0,477.0,1392.0,624.0,1378.0,1498,1715,604,1307,3275,2359,0
773,612.0,1299.0,546.0,1518.0,425.0,1189.0,668.0,1163.0,478.0,1389.0,625.0,1376.0,1459,1703,604,1305,3344,2395,0
774,612.0,1297.0,549.0,1512.0,424.0,1183.0,668.0,1155.0,484.0,1389.0,625.0,1374.0,1496,1688,607,1300,3103,2175,0
775,614.0,1297.0,546.0,1513.0,430.0,1186.0,671.0,1162.0,482.0,1387.0,626.0,1374.0,1453,1704,606,1304,3157,2257,0
776,617.0,1292.0,551.0,1510.0,433.0,1181.0,672.0,1156.0,486.0,1385.0,627.0,1371.0,1486,1679,611,1298,2954,2081,0
777,618.0,1293.0,554.0,1510.0,434.0,1185.0,672.0,1160.0,487.0,1387.0,627.0,1373.0,1454,1658,610,1300,3024,2108,0
778,618.0,1295.0,554.0,1511.0,433.0,1184.0,673.0,1161.0,487.0,1389.0,627.0,1375.0,1460,1661,610,1301,3170,2237,0
779,620.0,1292.0,555.0,1510.0,435.0,1183.0,675.0,1160.0,488.0,1388.0,628.0,1374.0,1457,1655,612,1299,3198,2259,0
780,621.0,1292.0,553.0,1510.0,439.0,1183.0,676.0,1162.0,488.0,1385.0,630.0,1372.0,1450,1671,613,1300,3107,2212,0
781,621.0,1293.0,555.0,1510.0,439.0,1184.0,676.0,1161.0,489.0,1386.0,631.0,1373.0,1456,1670,614,1300,3094,2186,0
782,625.0,1293.0,557.0,1511.0,442.0,1185.0,677.0,1164.0,491.0,1386.0,633.0,1374.0,1448,1654,616,1301,3132,2218,0
783,628.0,1293.0,558.0,1512.0,445.0,1185.0,678.0,1161.0,495.0,1387.0,636.0,1373.0,1482,1668,620,1301,2851,1995,0
784,625.0,1293.0,554.0,1512.0,445.0,1184.0,678.0,1166.0,491.0,1386.0,633.0,1376.0,1448,1656,616,1302,3110,2245,0
785,626.0,1296.0,557.0,1512.0,445.0,1186.0,679.0,1166.0,492.0,1388.0,634.0,1376.0,1453,1670,617,1303,3065,2187,0
786,625.0,1295.0,556.0,1511.0,445.0,1188.0,678.0,1167.0,493.0,1387.0,634.0,1376.0,1431,1660,616,1303,3051,2157,0
787,626.0,1292.0,555.0,1510.0,447.0,1186.0,678.0,1168.0,494.0,1385.0,632.0,1375.0,1424,1641,617,1301,2958,2101,0
788,627.0,1290.0,559.0,1509.0,448.0,1186.0,679.0,1167.0,496.0,1386.0,634.0,1375.0,1420,1622,618,1300,3049,2146,0
789,631.0,1290.0,563.0,1507.0,451.0,1185.0,681.0,1165.0,499.0,1385.0,637.0,1374.0,1433,1623,621,1299,2973,2075,0
790,634.0,1289.0,567.0,1507.0,453.0,1185.0,685.0,1164.0,502.0,1384.0,641.0,1373.0,1435,1626,624,1298,3139,2191,0
791,634.0,1291.0,565.0,1509.0,454.0,1187.0,686.0,1167.0,504.0,1384.0,643.0,1373.0,1427,1639,625,1301,3163,2218,0
792,637.0,1296.0,568.0,1511.0,457.0,1190.0,691.0,1168.0,506.0,1387.0,647.0,1375.0,1440,1679,628,1305,3201,2253,0
793,640.0,1292.0,569.0,1509.0,462.0,1188.0,692.0,1168.0,511.0,1384.0,648.0,1374.0,1438,1650,631,1302,3028,2122,0
794,643.0,1291.0,573.0,1508.0,465.0,1187.0,695.0,1166.0,515.0,1384.0,652.0,1373.0,1450,1650,635,1301,3038,2117,0
795,644.0,1294.0,575.0,1506.0,466.0,1188.0,698.0,1168.0,516.0,1385.0,653.0,1375.0,1432,1657,635,1302,3213,2251,0
796,649.0,1293.0,575.0,1508.0,471.0,1189.0,700.0,1170.0,519.0,1385.0,655.0,1375.0,1439,1658,639,1303,3026,2121,0
797,650.0,1296.0,578.0,1506.0,471.0,1188.0,701.0,1169.0,521.0,1385.0,657.0,1375.0,1447,1665,640,1303,3072,2146,0
798,654.0,1295.0,580.0,1507.0,474.0,1187.0,704.0,1168.0,521.0,1386.0,657.0,1375.0,1468,1675,643,1304,2982,2094,0
799,655.0,1295.0,581.0,1506.0,476.0,1187.0,705.0,1169.0,523.0,1385.0,659.0,1374.0,1459,1672,644,1303,2990,2093,0
800,657.0,1294.0,580.0,1510.0,479.0,1188.0,705.0,1171.0,524.0,1385.0,661.0,1375.0,1468,1666,646,1304,2942,2080,0
801,658.0,1294.0,582.0,1507.0,481.0,1188.0,709.0,1170.0,526.0,1386.0,660.0,1376.0,1462,1675,648,1304,2910,2047,0
802,659.0,1294.0,582.0,1509.0,483.0,1188.0,709.0,1172.0,526.0,1385.0,661.0,1375.0,1465,1675,649,1305,2887,2043,0
803,661.0,1294.0,583.0,1510.0,485.0,1187.0,711.0,1173.0,528.0,1384.0,663.0,1377.0,1469,1667,651,1305,3025,2180,0
804,662.0,1294.0,585.0,1510.0,485.0,1187.0,712.0,1172.0,529.0,1386.0,664.0,1378.0,1475,1664,652,1305,3074,2211,0
805,661.0,1296.0,584.0,1512.0,483.0,1188.0,711.0,1175.0,528.0,1387.0,665.0,1380.0,1464,1657,650,1306,3335,2427,0
806,663.0,1298.0,587.0,1513.0,485.0,1191.0,710.0,1175.0,530.0,1389.0,665.0,1380.0,1477,1660,652,1307,2986,2121,0
807,662.0,1298.0,585.0,1513.0,485.0,1191.0,711.0,1176.0,530.0,1390.0,664.0,1382.0,1469,1661,651,1308,3050,2189,0
808,658.0,1301.0,580.0,1512.0,482.0,1192.0,709.0,1177.0,524.0,1390.0,660.0,1381.0,1457,1693,647,1310,2967,2128,0
